dataset,method,ece_percent_mean,ece_percent_std,adaptive_ece_percent_mean,adaptive_ece_percent_std,auroc_mean,auroc_std,brier_mean,brier_std
ai2d,Adaptive TS (ATS),8.470794208951776,0.18923371287571472,12.408680304913412,1.4415178613746145,0.6351913053486575,0.0211541854425964,0.24623609599983792,0.0009869176146357673
ai2d,Beta Calibration,5.055540038958773,1.3579096314161057,6.912658174118976,2.042654831111471,0.6285264473273154,0.021466690522712734,0.23380220765836396,0.003927030525415956
ai2d,MSE-EIGEN (Multi-Scale),0.0010357935189209133,7.288932004559121e-11,7.861393522966094,0.9510970803956833,0.48224732402703097,0.027354703917391223,0.24327600010732214,3.3450670981437843e-13
ai2d,MSSC (Multi-Scale Proxy),2.3914027300153853,0.8614827394414278,6.488839293727136,1.44235912256528,0.6064354889097158,0.017745957478785705,0.23176108473851942,0.0035828640376458667
ai2d,Naive Confidence (NC),41.806166067951175,0.016373252020364954,41.78779732786939,0.013850867845806861,0.6285264473273154,0.021466690522712734,0.4179921225357394,3.201487689363404e-05
ai2d,Platt Scaling (1D),5.074053404303618,1.369091751463918,6.911893366998474,2.0427276644020655,0.6285264473273154,0.021466690522712734,0.2337906586945188,0.0039192844193807076
ai2d,Probability Margin (1D),0.005970875639879081,0.00021698045886734383,10.77541246964917,1.7792533296128061,0.5024819546523289,0.01739197210121633,0.24327799693534077,8.764068449297143e-06
ai2d,Quadratic Platt (Logit-Only),3.6599072552911758,1.132191326138308,6.3129425163313,1.6593560554988955,0.6291068580542264,0.021501687416679814,0.2321840707181424,0.004248003281061827
ai2d,Residual Calibrator,5.045169749393033,2.069340637313508,7.770821868172426,1.6976180954501183,0.6433211660829675,0.021554758039332014,0.2317222646464836,0.0038233494606218408
ai2d,Spline Calibration,0.680790935192688,0.33301402822698484,10.036013753725962,2.308099073309699,0.6159119682993801,0.04414266344535713,0.24258201426984383,0.0005385640982343323
ai2d,Temperature Scaling (TS),8.519132475414196,0.20067495607791808,11.594616876737945,1.5219728876282466,0.6285264473273154,0.021466690522712734,0.24635526763372861,0.0009925383834269363
ai2d,Trajectory LR,6.733178753635774,1.7130240861410502,8.526503380446027,1.5819066068568535,0.6645513737483352,0.01733198125760421,0.2274927540598688,0.0036229539256287476
ai2d,Trajectory LR (No Bias),5.406155647371745,1.6738604180784311,9.999545913289372,0.9981668570919655,0.6121910915996646,0.03282590573083345,0.23579932587659275,0.0025460021543783147
ai2d,Trajectory Platt (17D),6.872369515334566,1.7635388340644829,8.772449022789797,1.4288358307593843,0.665315115342245,0.020309723966611785,0.22704093333663158,0.0045654804100336704
ai2d,Trajectory Platt (5D),6.750730385599068,1.7082218689741118,8.620804713783198,1.6226930163184805,0.6645521958598464,0.017373007734666084,0.22749070467734978,0.0036191860809392036
ai2d,VCPS-17D (Our Method),6.5217974022695255,1.8107501572178788,8.12625014053544,1.9510357579965518,0.663153784179286,0.018153696567344817,0.2271495521217112,0.003917861878430067
ai2d,VCPS-5D (Our Method),6.0343415353682115,1.3111879277493608,8.030066506284452,1.856013959878292,0.6613582926388135,0.01813230757701302,0.2273694103670018,0.0036908035364531452
chartqa,Adaptive TS (ATS),45.032983237593506,0.16692778603956812,44.94510236668077,0.07506694794728394,0.8044322344322344,0.02782871346941522,0.2773667537874543,0.0008937973623301011
chartqa,Beta Calibration,2.808898077000194,0.6079638177950469,3.22179151711169,0.4116355505453797,0.8044615384615386,0.02781068548288662,0.0702934172878644,0.003047028235107334
chartqa,MSE-EIGEN (Multi-Scale),0.0995971874350883,0.015193176858945,7.16400127203238,0.7220634325093889,0.7340488400488401,0.02820524225897995,0.08177857527015271,2.449032547349072e-05
chartqa,MSSC (Multi-Scale Proxy),1.0565862692873573,0.5381918392530874,3.6303207504416406,0.5511126089877136,0.6291233211233211,0.02584750914556042,0.080414292847463,0.0006350178937566738
chartqa,Naive Confidence (NC),71.63082794310995,0.700760246128822,71.58135050179905,0.7130004010373017,0.8044615384615386,0.02781068548288662,0.6205808141739718,0.009680702561877369
chartqa,Platt Scaling (1D),2.8347490341225545,0.42609916761415306,3.1970227937162194,0.4488330955130557,0.8044615384615386,0.02781068548288662,0.07019589914565864,0.002983658354041373
chartqa,Probability Margin (1D),0.35929059625064486,0.20003018564688854,7.7292715468192785,0.8191132976122155,0.5318168498168498,0.02821054954032363,0.08168458490272129,0.00021717040079949072
chartqa,Quadratic Platt (Logit-Only),2.6986053353168815,0.6859758865259951,3.223725998448926,0.5115748695654861,0.8044615384615386,0.02781068548288662,0.06994441360813244,0.0027723845923296707
chartqa,Residual Calibrator,2.8472217232167973,0.4715887485301805,3.1232616074288604,0.3996618108591053,0.8045323565323566,0.02780817215982283,0.07017654621331149,0.0029841251097412445
chartqa,Spline Calibration,2.3147235958182306,0.5375270471666798,4.180715583251972,0.5413059512199625,0.8042490842490843,0.026990408669503165,0.07194681436798378,0.0012703519843461051
chartqa,Temperature Scaling (TS),45.04951233742726,0.1669098070480754,44.96183297161817,0.07534505350651476,0.8044615384615386,0.02781068548288662,0.2774967374347811,0.00089714514709401
chartqa,Trajectory LR,2.743777379368718,0.5156785358317721,3.142808874485109,0.6804128454307257,0.8013577533577534,0.025424619794965967,0.07009673376682264,0.002824837413776824
chartqa,Trajectory LR (No Bias),5.2217038487889,0.7774175668737118,6.159020425514029,1.056034811663532,0.6675115995115994,0.03494401529146625,0.08687864749072265,0.0033220369255024663
chartqa,Trajectory Platt (17D),2.8041592482368287,0.7620020615704302,3.4275304125870756,0.52017504201315,0.8103247863247864,0.020633393082572594,0.06992738175737422,0.002769029681390484
chartqa,Trajectory Platt (5D),2.733436015965417,0.5277918031034603,3.1147341141197833,0.6767368725958045,0.8012258852258853,0.025356160111192433,0.07007968305336092,0.0028110053974825635
chartqa,VCPS-17D (Our Method),2.864616139593975,0.620259906995525,3.127992698533416,0.550747759022609,0.8066324786324787,0.027623966931818036,0.07002627202284105,0.0029572484511749663
chartqa,VCPS-5D (Our Method),3.005803401590779,0.6423675645987039,2.91698915641084,0.5434087071311064,0.8052942612942612,0.02787091430147046,0.07011437768658117,0.002965029432526648
docvqa,Adaptive TS (ATS),48.84636985865403,0.11012117876624734,48.84636985865403,0.11012117876624632,0.7818657284138456,0.0406682116283711,0.2788588113361162,0.0013872458779498839
docvqa,Beta Calibration,1.2745192700547794,0.6638499793218585,2.38747809004339,0.37447724216899625,0.7818847470521111,0.04067971308444123,0.04012543951530415,0.001011436018190707
docvqa,MSE-EIGEN (Multi-Scale),0.003427447192243041,0.0027291553884410337,3.4554591255488036,0.5752929292905864,0.6460155952833777,0.07366509249936053,0.042044693744429304,7.96531574329482e-06
docvqa,MSSC (Multi-Scale Proxy),0.6185786514326014,0.684355523765301,2.829202947089475,0.6195525953835068,0.669788893115253,0.05658584696333882,0.04155899186394897,0.000309284702492658
docvqa,Naive Confidence (NC),74.06680562466383,0.7351482685331826,74.06680562466383,0.7351482685331867,0.7818847470521111,0.04067971308444123,0.6355981706835787,0.010072811769796526
docvqa,Platt Scaling (1D),1.384734504164174,0.3910608469499594,2.47463611107805,0.3964428596347165,0.7818847470521111,0.04067971308444123,0.0402110769611689,0.0012589567663940792
docvqa,Probability Margin (1D),0.012421611963306795,0.00886512254438871,4.0387182012303695,0.7558962548895417,0.45381323697223275,0.03258379606233511,0.042053382144806487,4.203711490081452e-05
docvqa,Quadratic Platt (Logit-Only),1.2530071544666188,0.5793811547088008,2.392417482601635,0.3500325520573967,0.7818847470521111,0.04067971308444123,0.04005376204576821,0.0009696579331018683
docvqa,Residual Calibrator,1.5111437386195383,0.5038507755626718,2.4810514068359932,0.40142245649188185,0.7830829212628376,0.040967902130268165,0.04013173040201276,0.0012877983266918296
docvqa,Spline Calibration,1.0014067002537423,0.5984693752716623,2.6279690293306674,0.3713897372576878,0.7818847470521111,0.04067971308444123,0.040249056678986636,0.0005698265873788207
docvqa,Temperature Scaling (TS),48.86017156942176,0.11054586427558165,48.86017156942176,0.11054586427557754,0.7818847470521111,0.04067971308444123,0.2789904020235718,0.0013931811405623433
docvqa,Trajectory LR,1.8213666686666083,0.6277565697052921,2.4726243678457047,0.35775316532367535,0.7982312666413085,0.04709665813472431,0.0387915000614528,0.0014356211417993032
docvqa,Trajectory LR (No Bias),4.223850167800779,0.5908533274466264,5.590151508325843,0.4372418239914066,0.5027196652719665,0.04627252451808594,0.047114627942874965,0.0010100260923134406
docvqa,Trajectory Platt (17D),1.6451459314892418,0.39816314343093956,2.323104838607542,0.22068781696262899,0.7975180677063523,0.051985979718067836,0.03908572695519596,0.0014010438464550099
docvqa,Trajectory Platt (5D),1.8150113890180364,0.6281315435912379,2.515880080331117,0.40592829604165076,0.7984309623430963,0.04723112982758835,0.03878628669780676,0.001415057355292978
docvqa,VCPS-17D (Our Method),1.6045135618691648,0.6229864453685529,2.6492661733621845,0.40344765344247197,0.794142259414226,0.04167627916964362,0.03958051610671109,0.001586862916357973
docvqa,VCPS-5D (Our Method),1.4163191015801062,0.5784792137771078,2.5408150247510677,0.5657571804784215,0.7887124381894257,0.04179048424276581,0.03980126277122659,0.001426850672959184
gqa,Adaptive TS (ATS),8.329037266205608,2.763929225196167,10.768336387057582,2.054796869925454,0.7008206478609047,0.03565639980098585,0.20657791796267339,0.00395573941482948
gqa,Beta Calibration,5.631273287928126,1.6252713127031102,7.132856618766884,1.113377543892273,0.6815904335906501,0.03685173593232299,0.2010320373968868,0.008559401209868502
gqa,MSE-EIGEN (Multi-Scale),0.8171020134646666,0.3139979705367199,14.747544218597818,2.4479038256579666,0.6855457759180434,0.03580674768093439,0.22175270720346804,9.417651239107239e-06
gqa,MSSC (Multi-Scale Proxy),2.7486047043089754,1.1733630910713353,6.063507531777619,1.0556362653071512,0.6195169901161532,0.013481491223229834,0.21010920235404057,0.0026245451426602094
gqa,Naive Confidence (NC),32.73247149582262,0.18532824969297862,32.55989577408191,0.13013485475202585,0.6815904335906501,0.03685173593232299,0.3248668454760438,0.0020057891406505953
gqa,Platt Scaling (1D),5.581690478500745,1.6012464825881836,7.142038684550914,1.1013545388378665,0.6815904335906501,0.03685173593232299,0.20101897335052793,0.008554038980565592
gqa,Probability Margin (1D),0.6451243753076492,0.7902057740069969,13.77758898082711,2.3950569447714396,0.49956171993362675,0.03265776240862654,0.22206412987346993,0.0003678971931317596
gqa,Quadratic Platt (Logit-Only),5.938955260989561,1.6618941273541392,7.233641307555331,1.1644450091782976,0.6815904335906501,0.03685173593232299,0.2014105535679913,0.00881090064795168
gqa,Residual Calibrator,5.803521213281629,1.5852516954570037,7.793139265641097,1.4353370279672444,0.6965316355241324,0.03539211517165464,0.1987437787235858,0.00873978040225716
gqa,Spline Calibration,6.189482638099275,2.288429731315458,8.752588369596143,1.6296330405031372,0.6814118750450906,0.03687852726716448,0.2049856598381516,0.006881135587399798
gqa,Temperature Scaling (TS),7.700781105666271,2.435525987805158,9.977563603837636,1.907268878929697,0.6815904335906501,0.03685173593232299,0.2084168400855872,0.0038287231779642987
gqa,Trajectory LR,5.907149982565703,1.09761632486103,6.311875965429313,1.5893329644276777,0.712324146886949,0.030936561637428594,0.19460613872523747,0.009127248276193831
gqa,Trajectory LR (No Bias),6.141627055695893,1.6632526429022823,7.342576336779271,1.536613358562437,0.6786487266430994,0.03307761176474058,0.20509954959613105,0.005344495978991146
gqa,Trajectory Platt (17D),5.953218281343578,1.188517132884894,6.019111877456308,1.1692820674902222,0.7138851814443402,0.03014826146639774,0.19435836317066782,0.008563342292793145
gqa,Trajectory Platt (5D),5.9056584239006025,0.9893311276128334,6.111274800896645,1.4085768456387795,0.7124017026188587,0.030971622627374094,0.19460430757007585,0.009105541938574624
gqa,VCPS-17D (Our Method),5.181755460151831,0.9088399181968175,6.2889418167161875,0.8219091969461914,0.7173724839477671,0.03250110127867089,0.19387719086344138,0.009117230338369729
gqa,VCPS-5D (Our Method),5.64337714153827,1.3604863532147242,6.287949558690918,0.9781928615732635,0.7104610056994445,0.033512055708296795,0.19577607310423853,0.009218495966897175
infographicvqa,Adaptive TS (ATS),53.746155529227266,0.138679738960719,53.74615552922728,0.13867973896072103,0.3885584677419355,0.12034882411442917,0.2982623259942846,0.0014916424873600744
infographicvqa,Beta Calibration,0.04981454010585516,0.00041222090543790107,1.2524336755179248,0.05912663741760096,0.5,0.0,0.007936248164133942,4.101224533584578e-09
infographicvqa,MSE-EIGEN (Multi-Scale),0.050728003623243326,7.144444000114083e-05,1.2529004415647322,0.0805042882575227,0.493296370967742,0.11372430542889299,0.007936237960987226,3.859639006855589e-08
infographicvqa,MSSC (Multi-Scale Proxy),0.04931355315805115,0.0049410961569563965,1.249762309441054,0.06421907555691563,0.5574092741935484,0.0769740305395756,0.007934634134826297,4.060651149381077e-06
infographicvqa,Naive Confidence (NC),84.31619042515754,0.5578669960238656,84.31619042515754,0.5578669960238671,0.3885584677419355,0.12034882411442917,0.7603948388817734,0.00897220421243655
infographicvqa,Platt Scaling (1D),0.0487693233574933,0.016203912684353765,1.1763666944054578,0.10499732555743574,0.6114415322580645,0.1203488241144292,0.007928201758033574,2.0009024048612644e-05
infographicvqa,Probability Margin (1D),0.050953725914813564,0.0068172800000323944,1.2744604166727338,0.05679956252333659,0.38215725806451617,0.18343586020206162,0.007939922649163924,5.353861899423153e-06
infographicvqa,Quadratic Platt (Logit-Only),0.04736860617208197,0.01682821906079348,1.2034903726987518,0.12309961798257206,0.630241935483871,0.10932665073605403,0.007945760502551486,2.638061099872054e-05
infographicvqa,Residual Calibrator,0.0485724715352054,0.015362520980493507,1.1940200700244437,0.09561004154759013,0.6120967741935484,0.1206217048886858,0.007928112691868026,2.0457231833298206e-05
infographicvqa,Spline Calibration,0.1010494740576104,0.03181840633194277,1.2674094740576103,0.0504638140350205,0.461491935483871,0.0505883696372974,0.007937629383101205,1.0238221562517184e-06
infographicvqa,Temperature Scaling (TS),53.764828704708975,0.13950716924686515,53.76482870470899,0.1395071692468696,0.3885584677419355,0.12034882411442917,0.29847358827620807,0.001501318043936021
infographicvqa,Trajectory LR,0.0570778509734708,0.02980260375194459,1.109611474741601,0.13346153975000402,0.6521673387096774,0.15846281304465934,0.00792185275625273,4.790760951402042e-05
infographicvqa,Trajectory LR (No Bias),0.3617514932514931,0.10420054583598301,1.2807983034055612,0.2739837443185469,0.6141129032258064,0.14966263560965973,0.008082955063976433,0.0001771474279488433
infographicvqa,Trajectory Platt (17D),0.05472740418778924,0.027154416244748448,1.2322549142144192,0.08325918810559121,0.599546370967742,0.1284374349899364,0.007952560808027663,5.135948491074819e-05
infographicvqa,Trajectory Platt (5D),0.05743951871310855,0.029935195104091164,1.1305414270643452,0.11761194907996034,0.6515120967741936,0.156557392163345,0.007922419560898758,4.602797819624767e-05
infographicvqa,VCPS-17D (Our Method),0.05090453704156099,0.006261719133072208,1.2505547909286785,0.06771391965912657,0.37983870967741934,0.12122070697808165,0.007945082213099877,8.443159528622016e-06
infographicvqa,VCPS-5D (Our Method),0.05095573736071344,0.006077087375805886,1.2692583236537969,0.08662644438268288,0.3883064516129032,0.12010505745926009,0.007944793430215927,8.41446137419946e-06
lego-puzzles,Adaptive TS (ATS),34.69056937429174,0.13707142178683276,34.770964730364184,0.24087375458656948,0.4546478576692284,0.056383991131291736,0.3163962708157613,0.001353340030602654
lego-puzzles,Beta Calibration,3.6693668455890722,0.9810077932598013,11.27720183904847,1.9737343222381578,0.4548057690283187,0.05653079731379469,0.19489629377426887,0.0020850712796731787
lego-puzzles,MSE-EIGEN (Multi-Scale),0.2273123004379168,7.364012488465272e-14,10.561785529624856,1.6232575955304847,0.5224971049584167,0.021639059515216972,0.19626549766670542,4.982278300234847e-17
lego-puzzles,MSSC (Multi-Scale Proxy),1.9658395868080933,1.2635271094275413,10.474197381957165,1.7054037794950043,0.5127697652384462,0.024957535042632026,0.19638107862212936,0.0008879414089305748
lego-puzzles,Naive Confidence (NC),73.15960197015242,0.004126266577208067,73.15960197015242,0.004126266577208089,0.4548057690283187,0.05653079731379469,0.7314373504185586,7.280028236658149e-05
lego-puzzles,Platt Scaling (1D),5.059634641553177,3.2026979305547747,11.46169208513279,1.977765908803306,0.4548057690283187,0.05653079731379469,0.19657739372851457,0.0010906751822880823
lego-puzzles,Probability Margin (1D),0.22518461534499493,0.00240615247923569,10.755764452216706,2.038552009767136,0.5398831455942731,0.03857026864290274,0.19626515507530234,1.410754884940488e-07
lego-puzzles,Quadratic Platt (Logit-Only),4.1313717166264405,2.2134344986129943,9.78607907161478,1.5646938702209627,0.6410674807874513,0.0413822547372713,0.1893361440311553,0.0027414265761256038
lego-puzzles,Residual Calibrator,2.8328892561288974,2.8848522410468376,11.53136405171893,1.510330764523398,0.5299610485314243,0.04875662237646,0.19472540107571573,0.0013812062945261542
lego-puzzles,Spline Calibration,6.311166401335527,1.3657458154688997,10.475651854124528,1.8196718144327442,0.5476471207495526,0.02692487776182174,0.19558044329848007,0.002952672193375949
lego-puzzles,Temperature Scaling (TS),34.737026311933874,0.13826514122550432,34.816865133895426,0.23891484984492373,0.4548057690283187,0.05653079731379469,0.3167164714137572,0.00136547454580929
lego-puzzles,Trajectory LR,4.888939154128602,1.5947123592277304,8.382831905148901,1.1385630011167756,0.6099378881987578,0.04013042713573751,0.18920009361253115,0.003972563228548528
lego-puzzles,Trajectory LR (No Bias),4.777376564449745,2.28211649899422,8.3013756446888,0.9368916259844499,0.6187493420360038,0.0345152992441507,0.1888791758482863,0.00400284782367528
lego-puzzles,Trajectory Platt (17D),5.869125900260935,2.139331684030624,8.22028856739317,1.7358341456380246,0.6198336667017581,0.039705644759004115,0.19018050826236854,0.005670581464237924
lego-puzzles,Trajectory Platt (5D),4.85842810865407,1.6142884094798786,8.291757315968756,1.1578374503725306,0.6099484156226971,0.04021581432037627,0.1891992539300001,0.003972151804133066
lego-puzzles,VCPS-17D (Our Method),6.757264404653668,2.9997041949115437,9.739351580360323,2.2979306126824963,0.5411306453310875,0.04683655524797618,0.19221029152538363,0.00310084661962295
lego-puzzles,VCPS-5D (Our Method),5.022490486226767,3.5252488059068017,10.372642028954596,2.052849955169754,0.535098431413833,0.04448299838440645,0.1945589193956937,0.0023002663118921836
mmbench,Adaptive TS (ATS),9.082371594702892,1.7569719275230604,10.272398724470722,1.5067023785752367,0.6804137039431157,0.02422398532305147,0.19747545412526926,0.0009556670869946843
mmbench,Beta Calibration,4.21487973500855,1.05874895338852,5.966628536696122,1.2012741298129248,0.6308877397112692,0.017676795005759832,0.19753890952585187,0.002211261572119756
mmbench,MSE-EIGEN (Multi-Scale),0.004353638852924169,1.2222603134448907e-09,6.024266335907283,1.1515183278616774,0.4835380305968542,0.009801065537734296,0.2042040018945211,9.875669139429261e-13
mmbench,MSSC (Multi-Scale Proxy),2.0983317234672336,0.8931566836581523,6.421421570477186,1.8101670329030195,0.6175784999314411,0.0201717287634334,0.19167054960622107,0.0044403673238206515
mmbench,Naive Confidence (NC),28.602302940727377,0.008225947776690258,28.594530313850544,0.008412572859153318,0.6308877397112692,0.017676795005759832,0.2860007076417511,8.537902343757673e-06
mmbench,Platt Scaling (1D),4.1987971586930515,1.069459770033592,5.966229155168297,1.200892719840577,0.6308877397112692,0.017676795005759832,0.19753078844783992,0.0022065662547746125
mmbench,Probability Margin (1D),8.191388940370636e-05,3.244689478343343e-05,9.498251572590492,1.382695500271478,0.5011488511488512,0.03137127226255531,0.2042038456736906,1.6537157397748586e-07
mmbench,Quadratic Platt (Logit-Only),2.833333892395406,0.999689805597359,5.047892984158219,1.0016170949389909,0.6326976944624003,0.017753316670503668,0.1954264429933728,0.0024370948627890315
mmbench,Residual Calibrator,4.746331331659747,1.4784456356874387,7.373471638290484,1.216383425488517,0.6617989853283971,0.02116565200089946,0.19416433260278002,0.0026109229946537204
mmbench,Spline Calibration,3.883195664713085,2.9156525895206333,7.041922070192794,1.5118284837881846,0.5,0.0,0.2064770135590947,0.0029480719938211153
mmbench,Temperature Scaling (TS),6.8037398549525125,1.2078705907245901,8.20068703462393,1.1107031379494197,0.6308877397112692,0.017676795005759832,0.20091884904532686,0.0006290656866739914
mmbench,Trajectory LR,4.86789597278526,1.0231397754544,6.344393582822999,1.2069516124386215,0.688936553642436,0.02465319634225301,0.18687268544353813,0.005659249922550471
mmbench,Trajectory LR (No Bias),4.487062323315581,2.0661627195867447,7.9680150573287065,1.5142590010575205,0.6433566433566433,0.032972132023810614,0.19196113006443613,0.004631157225936278
mmbench,Trajectory Platt (17D),4.965638200330067,0.8427439717860997,5.8235781603925725,0.6399257081621643,0.6892695539754363,0.026240584211320545,0.18626549738631187,0.006379363257191922
mmbench,Trajectory Platt (5D),4.871606723305595,1.019187518477206,6.379391602156103,1.2859638764850445,0.6891030538089361,0.024589663509556745,0.1868170402409512,0.005641615917583228
mmbench,VCPS-17D (Our Method),4.410568971519039,0.7844365224759122,5.7986794369555685,0.9104928572414763,0.6873606785371491,0.024300976714085397,0.1862936497520233,0.00527692279740151
mmbench,VCPS-5D (Our Method),4.763152688397592,0.917154134318136,5.970942219724372,0.9496511787147459,0.6841903194844371,0.02421635890946456,0.18821853066216393,0.004897506123103456
mmmu,Adaptive TS (ATS),52.34652701432255,0.2655708347966346,52.19359451352152,0.12918341533186375,0.6998027613412228,0.15165245964072616,0.2894502909595714,0.0016296237508272452
mmmu,Beta Calibration,1.1616037546705964,0.4658319965539842,2.4653866869815695,0.5120813803314979,0.7001972386587771,0.15175845413547415,0.01601577527665549,0.0023168926996659143
mmmu,MSE-EIGEN (Multi-Scale),0.1534063863558935,0.0023825201632252557,2.990472210474258,0.1291616480483523,0.7045364891518737,0.12816230171934728,0.017139485366034206,5.087603099973565e-07
mmmu,MSSC (Multi-Scale Proxy),0.1536109964584272,0.03914700029841557,2.856009601008016,0.1467287494981469,0.605621301775148,0.12192285884127638,0.01710917377142078,9.658315255115086e-05
mmmu,Naive Confidence (NC),79.79395695637132,1.5395261327339147,79.79395695637132,1.5395261327339163,0.7001972386587771,0.15175845413547415,0.7051405996626072,0.019706381895831248
mmmu,Platt Scaling (1D),1.1903603168100485,0.4391668509879623,2.4798577359483387,0.48780052312117544,0.7001972386587771,0.15175845413547415,0.016051957700472595,0.0020659673115247033
mmmu,Probability Margin (1D),0.14702374591206507,0.03927407570779459,2.913906326943053,0.11866274969198633,0.5191321499013807,0.11334999102191026,0.017119860780142077,2.750107828217754e-05
mmmu,Quadratic Platt (Logit-Only),1.1298382757699483,0.5685269445379956,2.445844400655313,0.6692919365008787,0.6412228796844182,0.19679426158356472,0.01615661458436283,0.0046875518442535385
mmmu,Residual Calibrator,1.1946921284136498,0.44262506962424186,2.478553703013372,0.4943172986455551,0.7003944773175542,0.15166001277442634,0.016058413242882465,0.0021146326268980708
mmmu,Spline Calibration,0.20448511677350006,0.07279199546213679,2.8876892249969925,0.28674550838919416,0.6843195266272188,0.16370904393099106,0.017104559597900602,0.00037123564070489873
mmmu,Temperature Scaling (TS),52.36240064989967,0.26521438860113483,52.20978125918889,0.12920526612913663,0.7001972386587771,0.15175845413547415,0.28962325823479435,0.0016324868729354464
mmmu,Trajectory LR,1.2265261343127658,0.4663180472985635,2.535640266074567,0.6231118028183423,0.6938856015779092,0.15438130763976288,0.016778794246541624,0.0017235574335052646
mmmu,Trajectory LR (No Bias),1.8657184667972875,0.3720962956300655,3.916748401131578,0.4173515747522018,0.5013806706114398,0.13766511103514725,0.01900642980979501,0.0007811873841006495
mmmu,Trajectory Platt (17D),1.200944974749862,0.520782905200473,2.526468165524579,0.5858923782485851,0.655818540433925,0.1701754248407413,0.01687193875588217,0.0017539888814102642
mmmu,Trajectory Platt (5D),1.1489411609668316,0.5442306618376926,2.5507443410657116,0.6020872266023157,0.6958579881656805,0.15340947370852773,0.016793184735226733,0.001537349534999402
mmmu,VCPS-17D (Our Method),1.2435026035356418,0.4413834434645703,2.4520089560503004,0.5287001324933406,0.7009861932938856,0.1515281351593666,0.01615543293451123,0.0020866955517296264
mmmu,VCPS-5D (Our Method),1.2268063417118482,0.44955830391179985,2.472586477265421,0.5046966493430489,0.7003944773175542,0.15138614936392938,0.016118889010360793,0.0020750861688248754
pope,Adaptive TS (ATS),3.2352229016610012,0.7581819353077065,3.9242164001213906,0.8962024132013915,0.8176653640179475,0.03699726481300312,0.0840459737856303,0.004820422422061317
pope,Beta Calibration,3.4641777559504234,0.8959411632325159,4.333617855068593,0.7238811072731757,0.8103850050658561,0.041693154491620324,0.08459114530187087,0.00491447946289007
pope,MSE-EIGEN (Multi-Scale),0.0217487358383317,0.0011488843183909343,7.622906270253017,0.9545288923745587,0.6329280648429585,0.04138207635791228,0.10037671099355042,9.020629311369958e-06
pope,MSSC (Multi-Scale Proxy),1.4633523062271014,1.7129585777066076,4.5015850359924245,0.9583330034577439,0.6786220871327254,0.046043247767746744,0.09422505317605642,0.0024936186069633593
pope,Naive Confidence (NC),3.585250577676008,0.8101218388290643,4.247252699339164,0.7262947243542807,0.8103850050658561,0.041693154491620324,0.08457987468995878,0.005055600002761258
pope,Platt Scaling (1D),3.218220694236315,0.8040570836337646,4.3319265002342835,0.7224841665392959,0.8103850050658561,0.041693154491620324,0.08468685081787644,0.004646840900899071
pope,Probability Margin (1D),0.022584821587821047,1.7199532244190818e-14,4.8153795621727005,0.9052465133209465,0.5,0.0,0.10039164944102288,1.6679025177028005e-17
pope,Quadratic Platt (Logit-Only),3.253167854687594,1.2055675405378476,4.335532710933093,0.723585618043048,0.8103850050658561,0.041693154491620324,0.08458841002296466,0.004817585334482967
pope,Residual Calibrator,3.1967563614221945,0.9502356057582239,4.022176775633532,0.8315443156089131,0.8116587060356057,0.041549800744801746,0.08459655172240203,0.004642621433547202
pope,Spline Calibration,2.8666593061130845,1.5733846545341408,4.727688371526159,1.047058283954798,0.8103850050658561,0.041693154491620324,0.0869977883397508,0.002827505614973887
pope,Temperature Scaling (TS),3.2293159052164215,1.2029284103962414,4.273305458273141,0.6965051674431464,0.8103850050658561,0.041693154491620324,0.08451051356453906,0.004886856236622141
pope,Trajectory LR,3.464370681512265,0.797821668572411,4.609744264903141,0.8643838566996306,0.8164206107975105,0.03490985433933863,0.08499040531670068,0.004590933991731866
pope,Trajectory LR (No Bias),3.70817984675626,1.1760247861734585,4.728558717647724,1.1682525499402667,0.8174772036474165,0.03553711156687707,0.08480690403995257,0.004853003414372407
pope,Trajectory Platt (17D),3.886101487672552,0.9515843827637585,4.0005900042076314,0.8970043626522515,0.82075915472572,0.03467533312167669,0.08416602931046896,0.00567064873440818
pope,Trajectory Platt (5D),3.5477009174637404,0.7658305199452641,4.611329792162799,0.9939045938813644,0.8165508756694168,0.03492274404722821,0.08499504346896505,0.004602144531012508
pope,VCPS-17D (Our Method),3.615433254614114,0.5246952074489397,3.962657773063254,0.9076098810061201,0.8212187002460558,0.03594271388594341,0.0837085700360656,0.004811633175030377
pope,VCPS-5D (Our Method),3.1405888063192178,0.8188671510162164,3.9617803693020965,0.8891504656452733,0.8178752352004631,0.036669437580467625,0.08423363221617577,0.0047251788950888295
scienceqa,Adaptive TS (ATS),8.870136709682148,1.0628793958444827,9.44411097652906,1.0176765520943383,0.6843501948333093,0.027376943732377233,0.1567080679408534,0.005404722956229199
scienceqa,Beta Calibration,4.38855728746957,0.9391634914452928,6.820981140375859,1.3339118768274618,0.682257540770674,0.026728071700131893,0.1472456511008772,0.003269489616985892
scienceqa,MSE-EIGEN (Multi-Scale),0.5764984291954043,0.28660121958130924,10.033432323350237,0.8245344328046142,0.6683305671814115,0.018941937248441686,0.1570013572698278,1.5853000989969488e-05
scienceqa,MSSC (Multi-Scale Proxy),1.8758842979200945,1.0949680464743436,5.3531826270823055,1.0551071363473499,0.5832461394140569,0.02296693817508154,0.15332511853258482,0.002261418644067972
scienceqa,Naive Confidence (NC),11.837684347231924,1.0529891677906809,11.804805506978457,1.2827706106843175,0.682257540770674,0.026728071700131893,0.16347572295172047,0.007144645937130246
scienceqa,Platt Scaling (1D),4.5891182077294115,0.7268120667438819,7.068035382005625,1.3384259304712747,0.682257540770674,0.026728071700131893,0.1476349769289834,0.003438137492821581
scienceqa,Probability Margin (1D),0.09948414497323643,1.7199264744565966e-14,5.712720636359762,0.9682569937868382,0.5,0.0,0.1571211711154058,1.3084103822364792e-17
scienceqa,Quadratic Platt (Logit-Only),3.052943555053254,1.3835654277486422,5.524536900139927,0.8337163261195222,0.6704412613652764,0.018351481634911862,0.14636706716855485,0.0023579114142934917
scienceqa,Residual Calibrator,5.043871472857409,0.9711365885694897,6.6189478456149455,0.7631415024308504,0.6830693462260067,0.026777326341204232,0.14735426966905957,0.003422994775297353
scienceqa,Spline Calibration,2.9939994359218907,1.0062302127508038,6.242744960902972,1.4045843482948177,0.6807205224419108,0.025987961970439212,0.1463539586414164,0.0021317144207722905
scienceqa,Temperature Scaling (TS),9.118689999532641,1.1457881056249564,9.99556671866993,1.209888135216231,0.682257540770674,0.026728071700131893,0.1573331138623063,0.005289373844756039
scienceqa,Trajectory LR,4.704620658324357,1.4013388135229945,6.644191126728029,1.5466573073948158,0.6849491268581325,0.02735508032231113,0.14726476726413976,0.003524422788286293
scienceqa,Trajectory LR (No Bias),4.778797908071252,1.645506459558828,6.399968407907719,1.1265057786207948,0.6874097993938519,0.028047967721718005,0.14733857718084836,0.003999581123123532
scienceqa,Trajectory Platt (17D),4.779833453042167,1.3626606446730456,6.487660029104778,1.1689909871998758,0.689653990474816,0.030017229975183322,0.14774507671495923,0.004417649148967981
scienceqa,Trajectory Platt (5D),4.618765036974634,1.3531430572637932,6.547207780537152,1.5016229332069737,0.6850285033915428,0.02731517850523606,0.14724544272222645,0.0034968169139595433
scienceqa,VCPS-17D (Our Method),4.585190457924434,1.276524789043915,6.787391181623228,1.2810501534628524,0.6851367441189204,0.026976773752233955,0.146981252646782,0.003502945749970447
scienceqa,VCPS-5D (Our Method),4.682688585461838,0.9665493360118451,6.348697413170664,0.8854264372404591,0.6840435127724058,0.02717295079193278,0.14722723061117524,0.0035076191324978166
seedbench,Adaptive TS (ATS),1.064647083138575,0.13094378507055093,7.72843215056735,1.2187100288575077,0.570111038059756,0.02252658381795152,0.21864402376151384,0.00032129393605573813
seedbench,Beta Calibration,1.2031861786403928,0.9922858586489277,5.788121433401006,0.8064059199475124,0.51121703557601,0.014632991349643172,0.21890579244827188,0.00042825759948921026
seedbench,MSE-EIGEN (Multi-Scale),0.0498554220368741,3.023334418879971e-13,6.030171845802902,1.1483712140522575,0.4987937394988677,0.008358984689899526,0.21902424855631059,7.904791400445912e-17
seedbench,MSSC (Multi-Scale Proxy),2.237582558886161,1.0609700637316133,6.225426820829421,1.5520454792363068,0.6016975308641975,0.01879484090144653,0.21113768740249048,0.0028033244528227687
seedbench,Naive Confidence (NC),32.39947442036734,0.0004985604783602171,32.39947442036733,0.0004985604783619255,0.51121703557601,0.014632991349643172,0.323998743179853,1.2269947308724306e-06
seedbench,Platt Scaling (1D),1.3677225471821313,0.8601977082272447,5.784740739448422,0.8085909354713431,0.51121703557601,0.014632991349643172,0.2188978869484172,0.00042868646066753196
seedbench,Probability Margin (1D),0.058750123142942146,0.00016491120773465053,6.48584273915322,1.1000791995227401,0.5292470231572796,0.02170116071010193,0.21902379174102932,1.4311350726297261e-06
seedbench,Quadratic Platt (Logit-Only),1.2726626847353484,0.850716840347734,5.685089727548487,1.0769404007112604,0.5113814011249909,0.014811136725602483,0.21889826003336252,0.0004802658605068657
seedbench,Residual Calibrator,6.4079404721240625,1.9541360654172704,8.611341366906576,1.1957172855625762,0.6093140477755863,0.02255020315287791,0.21615509484647077,0.000688161002229126
seedbench,Spline Calibration,6.296346838932088,3.2356104047608136,7.900965500083274,2.133636940919469,0.502112097304405,0.008788908859036325,0.22393411685889264,0.004131944475797497
seedbench,Temperature Scaling (TS),1.1290068534359172,0.27267080257737353,5.771544856295123,0.7743735461928423,0.51121703557601,0.014632991349643172,0.2188956883524852,0.0003259564748137363
seedbench,Trajectory LR,3.001738354702386,0.9071677392540415,5.725518607180209,0.6258372034072082,0.6155325443786983,0.024452414168677227,0.21062060868333674,0.0033792681241032584
seedbench,Trajectory LR (No Bias),2.7621729328376956,0.9407379584210533,5.89641379594249,1.0791401342977667,0.6114051428153993,0.02406125670322418,0.21117283829430766,0.0030764367533206963
seedbench,Trajectory Platt (17D),3.745316210985185,1.2321705618758476,5.878659423589707,1.380706477754989,0.6222267879319161,0.02634506335263007,0.2098753495449183,0.0038091869668156093
seedbench,Trajectory Platt (5D),3.001895859837533,0.907235574439793,5.649273874163628,0.8208040811619687,0.6155224998173716,0.024468130238751006,0.210621348769178,0.0033785737390732355
seedbench,VCPS-17D (Our Method),4.465740489997069,2.1089328535168392,6.8637166459290615,2.2238503383379635,0.6204361165899627,0.02314535604277662,0.2119074524387849,0.003012637542023998
seedbench,VCPS-5D (Our Method),4.793186191004123,1.9786642836716273,6.588466837980701,1.9932346632197497,0.6110910219884579,0.02258448432827671,0.21389451745141805,0.0026320434784462836
textvqa,Adaptive TS (ATS),8.67560805458786,0.7042853708822866,8.713407583571698,0.7300288810395603,0.84342375463699,0.012488259666762107,0.1667642901694158,0.005292662895733779
textvqa,Beta Calibration,4.745973510396064,0.5870705187511885,5.3563924993059535,0.9585149702483688,0.8421303656597774,0.012567598980326717,0.15850809322177223,0.005836886272496494
textvqa,MSE-EIGEN (Multi-Scale),5.229034500544645,1.742676634569474,9.077591658328068,1.5882481253951146,0.5736536168521462,0.020053019343405986,0.23929414369971852,0.00041095430185032744
textvqa,MSSC (Multi-Scale Proxy),5.417804744095845,1.113717819979648,7.213393093079004,1.0898774051434996,0.6991537493375729,0.014265738883120703,0.2150035525238924,0.0034107238458988857
textvqa,Naive Confidence (NC),8.75751922314145,0.8170483496988385,8.830742068787869,0.4847243537989193,0.8421303656597774,0.012567598980326717,0.16751362272339995,0.005609819515690405
textvqa,Platt Scaling (1D),5.874509521531296,0.7073649062408718,6.119601168581401,0.7593753031852759,0.8421303656597774,0.012567598980326717,0.15987241196148405,0.00609601800322132
textvqa,Probability Margin (1D),0.09171022190289646,0.0,6.700898222946362,0.9439731859187203,0.5,0.0,0.24153684107648013,2.0687784610393942e-17
textvqa,Quadratic Platt (Logit-Only),5.145408530406734,0.6497609695924531,5.4961902475924616,1.001348547186722,0.8421204292527822,0.012563275932672223,0.1587650089676849,0.005810616349711495
textvqa,Residual Calibrator,5.802956029844565,0.8614713560501086,6.0186147310373315,0.5515836950210259,0.8436787890832008,0.012602846792264899,0.1590547806860214,0.006161216008337383
textvqa,Spline Calibration,4.808297118023431,0.8525504357481902,5.4315394785627,0.7508881907939907,0.8421303656597774,0.012567598980326717,0.15802620956471328,0.0053859096407695515
textvqa,Temperature Scaling (TS),8.84144892205648,0.4696121536060072,8.664645590140791,0.45632279927130676,0.8421303656597774,0.012567598980326717,0.1671936953311491,0.005280446111320896
textvqa,Trajectory LR,6.228596344828079,0.7811266085233763,5.680542187684457,1.2453756183069584,0.8478272390037096,0.013232537677680942,0.1561008825975667,0.00677872835051448
textvqa,Trajectory LR (No Bias),5.722234935118085,0.8932376309018347,6.091607402090964,0.9087965282792755,0.8454126921038686,0.012257023334344343,0.15781416124687736,0.005978608843869967
textvqa,Trajectory Platt (17D),5.327396991383285,0.9662475956188223,5.212278514038772,1.3221861000131712,0.8502467541070482,0.01263063694192393,0.15512602957764043,0.006573247393893431
textvqa,Trajectory Platt (5D),6.14091718442738,0.8206142502692413,5.812897825464606,1.3345151830504214,0.8477874933757287,0.013216262454199079,0.1561282273794818,0.0067449592986472085
textvqa,VCPS-17D (Our Method),6.16745272719514,0.9838229949994955,5.764368487038991,0.9260171313375058,0.8465868441971383,0.012610480327182571,0.15731179680831214,0.0062057609576999335
textvqa,VCPS-5D (Our Method),5.87634223890236,0.8587702011751024,6.196536895688057,0.6966042374246012,0.8446442766295708,0.012612079810628231,0.15854714070553885,0.0061127398557090555
vizwiz-vqa,Adaptive TS (ATS),15.651352047515044,1.14959062764226,15.447201231074393,1.0984809149569967,0.8002305485064106,0.022284191954067983,0.20414563640106934,0.007679899542168677
vizwiz-vqa,Beta Calibration,5.698870244862448,0.8640197173586481,6.388676751675478,0.7011868590385144,0.8002570864639831,0.022324047769212835,0.17643245607887206,0.009370312682386165
vizwiz-vqa,MSE-EIGEN (Multi-Scale),0.09922859891699609,0.010982128170999285,8.586207574347588,0.9576536801601367,0.5009935147866182,0.02271673991424137,0.24105508662402914,3.764261660422366e-05
vizwiz-vqa,MSSC (Multi-Scale Proxy),2.2255271398041208,0.9781012270665607,6.875253834939367,1.2252125743147273,0.6050886533645154,0.016655433824297707,0.2327975692694272,0.0025747273381429474
vizwiz-vqa,Naive Confidence (NC),16.391773941791563,1.2220682862382626,16.397557607416672,1.2103865195245262,0.8002570864639831,0.022324047769212835,0.20583972716857107,0.009547642288258124
vizwiz-vqa,Platt Scaling (1D),5.766788662296984,0.9615495663635028,6.2858633385567835,0.679604093964179,0.8002570864639831,0.022324047769212835,0.17627754727037398,0.00929804614897451
vizwiz-vqa,Probability Margin (1D),0.09151125335156718,0.0,6.785762315093843,1.082027007971607,0.5,0.0,0.24116483743094902,9.25185853854297e-18
vizwiz-vqa,Quadratic Platt (Logit-Only),5.637809635665551,1.14601880205611,6.373374703378902,0.6993676031971374,0.8002570864639831,0.022324047769212835,0.1764274390888433,0.009319385862396702
vizwiz-vqa,Residual Calibrator,5.615043844008739,0.8229249571030118,6.231024437468337,0.6060149248874845,0.8003367003367003,0.022484251014805574,0.17624111542305798,0.00935885085487332
vizwiz-vqa,Spline Calibration,6.057060352988124,1.3738016037258018,7.007813997947967,0.7975801276774221,0.8002570864639831,0.022324047769212835,0.1775947071896167,0.009286751809077932
vizwiz-vqa,Temperature Scaling (TS),15.852141275125524,1.0797157832209663,15.732358915020678,1.0042025768268161,0.8002570864639831,0.022324047769212835,0.20464515378842435,0.007611186327745935
vizwiz-vqa,Trajectory LR,5.054337167152797,0.7880629957756475,5.590113107715325,0.9364268966489555,0.7987377883929608,0.02335920299864974,0.17664607035059618,0.009673054412030395
vizwiz-vqa,Trajectory LR (No Bias),5.311861596659221,1.0312270107349988,5.04415608647531,0.781043063762545,0.795057305402133,0.023267785571160778,0.1778032001523166,0.009541280380765967
vizwiz-vqa,Trajectory Platt (17D),4.9660878644883635,0.8713532814829743,5.5382162862550475,0.7922657513237081,0.8023253885322852,0.020139879869936587,0.17540063497085145,0.00902798341895573
vizwiz-vqa,Trajectory Platt (5D),5.074928306899965,0.7640194297626128,5.5544617540761845,0.9775963849257403,0.7987162263024332,0.02339010670324917,0.1766560458093957,0.009663303279432394
vizwiz-vqa,VCPS-17D (Our Method),5.386072370455125,1.05898312832924,5.860181535991658,1.138187619902963,0.8025741818845267,0.022040047702845986,0.17544016407228305,0.009379272980073808
vizwiz-vqa,VCPS-5D (Our Method),5.384148119671014,0.8903934172560284,6.208554368574352,0.797541999057989,0.8003765072730589,0.022427341415526773,0.17622076861197214,0.00934131048900443
vqav2,Adaptive TS (ATS),10.676377678831464,1.0123271443616648,10.987693174178338,0.9186438724690413,0.7621173469387755,0.018765599109034914,0.1479900919471357,0.004052277366885665
vqav2,Beta Calibration,3.7461210439553527,1.2051593159421075,5.519697098851269,0.9701419838096315,0.7494437358276644,0.02013481809891316,0.13430049138610523,0.004563503558183726
vqav2,MSE-EIGEN (Multi-Scale),0.04327572714113215,0.007947461589096752,5.910341829883327,1.0006384348179571,0.49856859410430837,0.02517629129889125,0.16929060441374846,4.294064768564247e-05
vqav2,MSSC (Multi-Scale Proxy),3.482377046888653,1.0213704529484389,5.952283321852805,1.0483011793759482,0.7055024092970521,0.030399129171640966,0.1487112994841197,0.005138760666085224
vqav2,Naive Confidence (NC),9.53008729711175,0.9499635991937893,9.024187722057103,1.0590366287267046,0.7494437358276644,0.02013481809891316,0.1420355282932579,0.0053733158108152405
vqav2,Platt Scaling (1D),8.8635259177219,1.1413929702204084,9.730374934045004,0.7421458985899413,0.7494437358276644,0.02013481809891316,0.1459137398521276,0.002534381935845618
vqav2,Probability Margin (1D),0.3122560399138276,0.4973759427988395,10.39671218458307,1.4117600883737442,0.4621787603930462,0.11234226019138382,0.16953168510344357,0.000242290789737327
vqav2,Quadratic Platt (Logit-Only),4.926722632842155,0.6788069703413565,6.067388929467791,0.8437182720436142,0.7630468159486017,0.02334217384537742,0.13580491549687554,0.004142675610500023
vqav2,Residual Calibrator,8.08268623934551,1.249645762799403,9.22004522818406,1.469131161248267,0.7571853741496598,0.018775011086872077,0.14332222472208167,0.002812996934667137
vqav2,Spline Calibration,4.895943559214093,0.8819465233865232,7.076576117843646,0.892991980625382,0.7520042044595616,0.019982508503045147,0.13976891234725725,0.003489892072951805
vqav2,Temperature Scaling (TS),11.973558483870937,0.9170800308389933,12.147798683042518,0.8849829027658547,0.7494437358276644,0.02013481809891316,0.1510665971721398,0.004027777691191416
vqav2,Trajectory LR,5.754999794267128,1.165621850836949,5.622433074709853,1.4188634459195486,0.7892124905517763,0.016712882319539987,0.13895583042221832,0.005062005088954048
vqav2,Trajectory LR (No Bias),4.011173365211741,1.55254162921331,5.2478206824813896,1.3548876137083,0.7793886999244142,0.01947318285132527,0.14148721376232098,0.004699289911536331
vqav2,Trajectory Platt (17D),5.194434570707381,0.6692101486649398,5.551010688357055,1.1434163695257327,0.8048634731670447,0.01995433590040561,0.13180873578504915,0.0054585261671247776
vqav2,Trajectory Platt (5D),5.806382241547108,1.1374975521699755,5.629361858665943,1.3778213059235283,0.7892290249433106,0.016752936358388325,0.13895330303116776,0.005059574334410591
vqav2,VCPS-17D (Our Method),5.798422377413858,0.9939802972546342,6.976655697581156,1.2151548112284323,0.7765329743008315,0.01797680632254232,0.13896699987283098,0.003123639442421788
vqav2,VCPS-5D (Our Method),7.333127910889376,1.2683050457107132,8.486144815314832,1.1093628748999638,0.7652541572184429,0.01793355801616773,0.14241376517442506,0.00273853596050822
