ece,ece_percent,adaptive_ece,adaptive_ece_percent,kde_ece,brier,brier_gain,murphy_uncertainty,murphy_resolution,murphy_reliability,auroc,nll,aurc,prob_std,spearman_rho,status,dataset,temperature,method,study
0.07039790301310085,7.039790301310085,0.0645452169073881,6.45452169073881,0.04616125214632299,0.10299302327987161,0.023278594838441385,0.12627051532610198,0.03288406499441816,0.00947698696556437,0.8178365937859609,0.3476106634063233,0.04694531105781768,0.13098336354434265,1.0,VALID,pope,0.0,Naive Confidence (NC),temperature_transfer
0.058593380039934966,5.859338003993496,0.05903431805487617,5.9034318054876165,0.04064823332092008,0.1014166874541892,0.024854930664123795,0.12627051532610198,0.032302259891168146,0.007909271217318936,0.8178365937859609,0.3328331586181581,0.04694531105781768,0.1355990115506017,1.0,VALID,pope,0.0,Temperature Scaling (TS),temperature_transfer
0.043716629354183224,4.371662935418322,0.052870396542779294,5.28703965427793,0.03895394512834157,0.10069843840568553,0.025573179712627472,0.12627051532610198,0.027853468367697694,0.0028790025262758704,0.8178365937859609,0.3319488650853988,0.04649500333204369,0.1525409521526132,1.0,VALID,pope,0.0,Platt Scaling (1D),temperature_transfer
0.05121441066383022,5.1214410663830225,0.06542853974176151,6.5428539741761504,0.04795675006977978,0.09849218028167922,0.02777943783663378,0.12627051532610198,0.034158998777486044,0.006903822932117885,0.8193325661680093,0.3301252151000283,0.04640991388038075,0.16010532826395837,0.9822895478969752,VALID,pope,0.0,Trajectory LR,temperature_transfer
0.04849956518844315,4.849956518844315,0.06544626945824253,6.544626945824253,0.048559406607830084,0.09927779509553168,0.02699382302278132,0.12627051532610198,0.03341439794518136,0.007189362092824336,0.8182393555811277,0.3306557224210708,0.047440969891918136,0.14235563401472856,0.9780825091881066,VALID,pope,0.0,Trajectory LR (No Bias),temperature_transfer
0.04543325332368375,4.543325332368376,0.05372609059926852,5.372609059926852,0.03945190456685159,0.10105004642917771,0.02522157168913529,0.12627051532610198,0.027158580676532075,0.003074970525353614,0.8178365937859609,0.33296395486362823,0.04663237856743126,0.151068765429257,1.0,VALID,pope,0.0,Quadratic Platt (Logit-Only),temperature_transfer
0.07303796534489419,7.303796534489419,0.07973502707020412,7.973502707020412,0.058279097950378556,0.10701983896231355,0.019251779155999446,0.12627051532610198,0.028431779678435805,0.00990314229290821,0.8178365937859609,0.3566891827848108,0.04695622860929364,0.10182663300885451,0.9933057853373861,VALID,pope,0.0,Spline Calibration (PCHIP),temperature_transfer
0.05521217174809833,5.521217174809833,0.06019107571223126,6.019107571223126,0.04307884027124085,0.10131208776819228,0.024959530350120718,0.12627051532610198,0.03451840711977174,0.009422505211434519,0.8173187571921748,0.33267093641946954,0.04749612664571293,0.13445937717759301,0.9966069918504189,VALID,pope,0.0,Adaptive TS (ATS),temperature_transfer
0.01056146462023781,1.056146462023781,0.01056146462023781,1.056146462023781,0.017973788809107088,0.12335473527523075,0.0029168828430822524,0.12627051532610198,0.0030273356251421914,0.00011155557427095406,0.6014672036823936,0.408835008028271,0.1417296502494676,0.06482042292145651,0.3795785231813152,VALID,pope,0.0,MSSC (Multi-Scale Proxy),temperature_transfer
0.03746983070731996,3.7469830707319964,0.06581118317954188,6.5811183179541874,0.04107841402695652,0.10041262227905089,0.025858995839262114,0.12627051532610198,0.028358991403199075,0.0025929086492418644,0.8183544303797469,0.3314790341326015,0.0465418525097982,0.1502250185388153,0.9993951170151375,VALID,pope,0.0,Residual Calibrator,temperature_transfer
0.049227575031639687,4.922757503163969,0.06613915141532913,6.613915141532913,0.042322642452230226,0.10019837890215297,0.026073239216160032,0.12627051532610198,0.03213913236745326,0.0059525549892766585,0.8178365937859609,0.3313875606365781,0.04688458620872482,0.1532078386549346,0.9968562064601525,VALID,pope,0.0,VCPS-5D (Our Method),temperature_transfer
0.043661274714442366,4.366127471444237,0.05356245102321712,5.356245102321712,0.04049349065132733,0.10061141923099913,0.02566019888731387,0.12627051532610198,0.029116229834214073,0.0035465409895186883,0.8155926352128884,0.3325277267528465,0.04745958543200921,0.15290397732151728,0.9982589051923539,VALID,pope,0.0,VCPS-17D (Our Method),temperature_transfer
0.2329019049164092,23.29019049164092,0.23041587396718494,23.041587396718494,0.23058382210431763,0.2528901407673513,-0.020099992758800367,0.23278967748259974,0.03590534619232787,0.058768717746326526,0.7751546256086327,0.9476413981637367,0.16760018355185535,0.17932674731667134,1.0,COLLAPSED,scienceqa,0.0,Naive Confidence (NC),temperature_transfer
0.10470538400902557,10.470538400902557,0.10436711876940447,10.436711876940446,0.08943749354018439,0.193726652698918,0.039063495309632906,0.23278967748259974,0.05092800850818724,0.013080526657324523,0.7751546256086327,0.5604951776335847,0.16760018355185535,0.1405331856397894,1.0,VALID,scienceqa,0.0,Temperature Scaling (TS),temperature_transfer
0.07747891324026826,7.747891324026826,0.06511323585819345,6.511323585819345,0.04705745386165575,0.18508427062786223,0.04770587738068868,0.23278967748259974,0.05443265661795848,0.007703339708262568,0.7751546256086327,0.5366162136278418,0.148384057681393,0.24388756150543486,1.0,VALID,scienceqa,0.0,Platt Scaling (1D),temperature_transfer
0.05551247114837862,5.551247114837862,0.061688853105437265,6.168885310543726,0.034749875673184286,0.17963582355827293,0.053154324450277984,0.23278967748259974,0.058540269782654974,0.00642986942497511,0.7824976970654032,0.5226246282622639,0.1427880611663639,0.2432615830476149,0.9415435700474906,VALID,scienceqa,0.0,Trajectory LR,temperature_transfer
0.07433796919548494,7.433796919548493,0.0986820289395877,9.86820289395877,0.06362578053086476,0.18604516006302396,0.04674498794552695,0.23278967748259974,0.05342937061359447,0.009080688991527284,0.7764969074878273,0.5412416885598347,0.15439500263963613,0.17204764006581955,0.9400290760285317,VALID,scienceqa,0.0,Trajectory LR (No Bias),temperature_transfer
0.050020203285676294,5.002020328567629,0.059026222577929256,5.902622257792926,0.02905835784330866,0.18390516166156518,0.04888498634698574,0.23278967748259974,0.053458264472271304,0.004979108354910069,0.7711804184761153,0.529207013840027,0.15356191601812938,0.2368860413283439,0.9971833902830697,VALID,scienceqa,0.0,Quadratic Platt (Logit-Only),temperature_transfer
0.07629979937149195,7.629979937149195,0.079714017564129,7.9714017564129005,0.06509274323113291,0.1938668025933198,0.038923345415231125,0.23278967748259974,0.05094343406044562,0.012973641316346173,0.7727069351230424,0.5770435390559253,0.15719051719995686,0.23734660868464214,0.9946402291199085,VALID,scienceqa,0.0,Spline Calibration (PCHIP),temperature_transfer
0.10104828492745496,10.104828492745495,0.10181358218578003,10.181358218578003,0.09025495418718321,0.19267737272151958,0.04011277528703133,0.23278967748259974,0.05220485965326857,0.012505651809648395,0.7772338465587578,0.5572566014141664,0.16660245599217663,0.14211701893655115,0.9985208114171998,VALID,scienceqa,0.0,Adaptive TS (ATS),temperature_transfer
0.030502765630623697,3.05027656306237,0.030502765630623697,3.05027656306237,0.03616800207049218,0.21726906213938388,0.015521085869167034,0.23278967748259974,0.01677962298877827,0.0012590076455623348,0.6223582050269771,0.6258354373664095,0.2692986277513322,0.09405630097390993,0.4616768670405984,VALID,scienceqa,0.0,MSSC (Multi-Scale Proxy),temperature_transfer
0.061690666595654885,6.169066659565488,0.07229639785395058,7.229639785395057,0.04026053399353531,0.18277537870561902,0.05001476930293189,0.23278967748259974,0.056022854658095714,0.006169188990851975,0.779918410317147,0.5312809393508882,0.1454629662444244,0.23932020723784414,0.9958101182650257,VALID,scienceqa,0.0,Residual Calibrator,temperature_transfer
0.057127713518002284,5.712771351800228,0.0705430994092246,7.05430994092246,0.040524924923898434,0.18210253898980613,0.05068760901874478,0.23278967748259974,0.05619341400598948,0.004802437051996108,0.7810238189235426,0.5289757653118029,0.14449199419546221,0.2433037292142767,0.9951675229296566,VALID,scienceqa,0.0,VCPS-5D (Our Method),temperature_transfer
0.07607388276947435,7.607388276947436,0.06276458614989072,6.276458614989072,0.04545594228527669,0.18454186426605423,0.04824828374249668,0.23278967748259974,0.0547529892918622,0.0069698691418740594,0.7757336491643638,0.5351584711100229,0.14782627023618675,0.2440012252363805,0.9993245560500683,VALID,scienceqa,0.0,VCPS-17D (Our Method),temperature_transfer
0.31240974804759025,31.240974804759027,0.3096245861053467,30.96245861053467,0.27130989644389414,0.3237310015339469,-0.09446675153394693,0.229264,0.029061157717667846,0.12222065652451766,0.6813804173354736,1.2882400930218314,0.45957376262236527,0.3071225887386051,1.0,COLLAPSED,textvqa,0.0,Naive Confidence (NC),temperature_transfer
0.1761926173684512,17.61926173684512,0.18274926936585892,18.274926936585892,0.17619261736846858,0.2497140384321268,-0.02044978843212683,0.229264,0.017635588289979846,0.03980271767330729,0.6813804173354736,0.6928052612594897,0.45957376262236527,0.051840947621672816,1.0,COLLAPSED,textvqa,0.0,Temperature Scaling (TS),temperature_transfer
0.09779073835705271,9.77907383570527,0.11592917251833935,11.592917251833935,0.07519341905096731,0.21636688163013343,0.012897368369866546,0.229264,0.02815968100008612,0.014918837196778226,0.6813804173354736,0.618749122282734,0.22141948479296264,0.1605377493245303,1.0,VALID,textvqa,0.0,Platt Scaling (1D),temperature_transfer
0.07948069244639179,7.948069244639179,0.055082132176822576,5.508213217682258,0.0573540273914625,0.18000197410468677,0.04926227589531321,0.229264,0.05901556956305082,0.010556172239101743,0.7633993998185498,0.5394285320210134,0.16026606054913672,0.24975012240174924,0.7639432157728631,VALID,textvqa,0.0,Trajectory LR,temperature_transfer
0.07151370207498146,7.151370207498147,0.08732097801437863,8.732097801437863,0.0670583419935885,0.18841564949418899,0.04084860050581099,0.229264,0.05105315865007971,0.00998389518004668,0.7494591388094076,0.5582636465373573,0.17468058303243472,0.2501909540334199,0.6101977367909471,VALID,textvqa,0.0,Trajectory LR (No Bias),temperature_transfer
0.07549612631131909,7.549612631131909,0.08687912527228993,8.687912527228994,0.057501621285186114,0.20918089117833716,0.020083358821662817,0.229264,0.029678513269538034,0.008955469276892052,0.681362970200293,0.6013128860209815,0.2189606975202384,0.1862437203837243,0.9862795291181164,VALID,textvqa,0.0,Quadratic Platt (Logit-Only),temperature_transfer
0.054900987654050645,5.490098765405064,0.07317731796561025,7.317731796561025,0.05567709776178028,0.2068423010925324,0.02242194890746757,0.229264,0.026881277726405507,0.0039342311073886395,0.6835613092330239,0.5976512202932882,0.22274187602435286,0.15095849942967968,0.9923446674375571,VALID,textvqa,0.0,Spline Calibration (PCHIP),temperature_transfer
0.18153647081232213,18.15364708123221,0.18153647081232208,18.153647081232208,0.18153647081233726,0.24908020123452917,-0.0198159512345292,0.229264,0.01905790528990529,0.041185146725502136,0.6919359341196175,0.6914978832561167,0.44044000859598714,0.058384681775298826,0.998508250033,COLLAPSED,textvqa,0.0,Adaptive TS (ATS),temperature_transfer
0.0691486680961646,6.91486680961646,0.08155568120152151,8.155568120152152,0.05528724815519073,0.2290964323339132,0.0001678176660867836,0.229264,0.006760461800063859,0.007322328011773616,0.5916236303998884,0.6496872301058034,0.27965403959585444,0.09095755324206528,0.19929864679496867,COLLAPSED,textvqa,0.0,MSSC (Multi-Scale Proxy),temperature_transfer
0.06957838367065296,6.957838367065296,0.06711906398604739,6.711906398604739,0.03669750396531775,0.202889040218012,0.026375209781987985,0.229264,0.03259213438378655,0.006350185579065077,0.7120873752529835,0.5890653270064138,0.20023210934744257,0.179268502067746,0.9828288913155653,VALID,textvqa,0.0,Residual Calibrator,temperature_transfer
0.07907750050926955,7.907750050926955,0.07013477866114234,7.0134778661142345,0.04006164232408591,0.19880549478233553,0.030458755217664446,0.229264,0.04000419218884909,0.009153158567117452,0.7229743876055551,0.5799902348418297,0.1904734160071986,0.1888527417297871,0.9748509714038854,VALID,textvqa,0.0,VCPS-5D (Our Method),temperature_transfer
0.08826509152349214,8.826509152349214,0.06743708938469412,6.743708938469411,0.045969051380911057,0.20427615476884028,0.02498809523115969,0.229264,0.03675906272421939,0.012957250758412284,0.7093656221648404,0.592248245413577,0.20015085996999404,0.18435803203229986,0.9838953595814385,VALID,textvqa,0.0,VCPS-17D (Our Method),temperature_transfer
0.30258572885394097,30.2585728853941,0.3025857288539409,30.25857288539409,0.29712004683310955,0.24213220013962813,-0.06077595013962808,0.181356,0.04015289447545605,0.10080594297439233,0.8024438121705376,0.7495995303366971,0.33057573313762745,0.2697009863348139,1.0,COLLAPSED,vizwiz-vqa,0.0,Naive Confidence (NC),temperature_transfer
0.28769316092671615,28.769316092671616,0.2876931609267162,28.76931609267162,0.2876925351878706,0.2325553430443985,-0.05119909304439846,0.181356,0.03869540686753342,0.0913045958110732,0.8024438121705376,0.6598305353424052,0.33057573313762745,0.11990296054974917,1.0,COLLAPSED,vizwiz-vqa,0.0,Temperature Scaling (TS),temperature_transfer
0.0669634938181871,6.69634938181871,0.068111839859413,6.811183985941301,0.03291143201589438,0.14787219194834075,0.0334840580516593,0.181356,0.047289858763591104,0.013655519083606642,0.8024438121705376,0.4538742595190091,0.0933173133792207,0.20843944017170787,1.0,VALID,vizwiz-vqa,0.0,Platt Scaling (1D),temperature_transfer
0.07223280358512113,7.223280358512113,0.05655931213312944,5.655931213312944,0.02832149750249595,0.1436341074120073,0.03772214258799275,0.181356,0.04804405554414999,0.01043551837663669,0.8035466154965923,0.44248886030437995,0.08594017243262757,0.21095103714904898,0.9535769000792915,VALID,vizwiz-vqa,0.0,Trajectory LR,temperature_transfer
0.0629055003382605,6.290550033826051,0.08552918869100819,8.552918869100818,0.05411676534664978,0.15012463375647467,0.031231616243525384,0.181356,0.03924469413421422,0.008391233396992014,0.7781380268642891,0.462042048387056,0.10292700512946844,0.22433736069514207,0.8086958976009935,VALID,vizwiz-vqa,0.0,Trajectory LR (No Bias),temperature_transfer
0.049226258381840034,4.922625838184003,0.05141691243754052,5.141691243754052,0.02651210165091045,0.1444524209736236,0.036903829026376456,0.181356,0.04186537358827909,0.004927679398366979,0.8026423167692274,0.4394922648335606,0.08513150534359637,0.20909332585448784,0.9999941439762948,VALID,vizwiz-vqa,0.0,Quadratic Platt (Logit-Only),temperature_transfer
0.06057836218270151,6.057836218270151,0.05644676686171356,5.644676686171356,0.058641234663875094,0.14971366610582573,0.03164258389417432,0.181356,0.03939221057118499,0.008150414605856127,0.797569421469375,0.4554822960196406,0.09057699359360646,0.19763801849396184,0.9940565939749992,VALID,vizwiz-vqa,0.0,Spline Calibration (PCHIP),temperature_transfer
0.29052278084942085,29.052278084942085,0.2845307708370623,28.45307708370623,0.2845171141162994,0.22983830950630438,-0.048482059506304326,0.181356,0.041767570179255725,0.09149224368023148,0.8013410088444827,0.6546331599555467,0.3166804003622099,0.1288162837028361,0.9991124764073043,COLLAPSED,vizwiz-vqa,0.0,Adaptive TS (ATS),temperature_transfer
0.062020242873335366,6.202024287333536,0.06202024287333536,6.202024287333536,0.040061532346704044,0.17402693712593628,0.00732931287406377,0.181356,0.012028189713581768,0.004883080717338878,0.6625862943602638,0.527584327146928,0.14241976502722642,0.07429712645843706,0.41438288192632183,VALID,vizwiz-vqa,0.0,MSSC (Multi-Scale Proxy),temperature_transfer
0.0626221914523371,6.26221914523371,0.06605322210656461,6.605322210656461,0.0325975411624465,0.14745562019812922,0.033900629801870835,0.181356,0.0462577478229239,0.012275683048901559,0.8029952138335649,0.45274279751670293,0.0929217403073149,0.2114748620666431,0.9996291504988012,VALID,vizwiz-vqa,0.0,Residual Calibrator,temperature_transfer
0.06302213791603603,6.302213791603603,0.05747973330413589,5.747973330413589,0.033268708626454355,0.14705681626191716,0.03429943373808289,0.181356,0.04430949046884539,0.01078876475500376,0.8023555879044532,0.45175852166822233,0.09201472830722054,0.21052670340028357,0.9995126060270291,VALID,vizwiz-vqa,0.0,VCPS-5D (Our Method),temperature_transfer
0.05605176384526645,5.605176384526645,0.0622069038188232,6.22069038188232,0.034133805685927526,0.14760363855686165,0.0337526114431384,0.181356,0.041683750055045626,0.008541938890649834,0.8023776439709742,0.45310912127074787,0.09217716360554777,0.20980406915057365,0.9997446389662984,VALID,vizwiz-vqa,0.0,VCPS-17D (Our Method),temperature_transfer
0.11837379370876437,11.837379370876437,0.11838690677926203,11.838690677926204,0.1251913448842373,0.12463685982237796,0.0016347582959350404,0.12627051532610198,0.018282170665399396,0.017945612726692615,0.8158803222094361,0.7931983532670366,0.047100622568602986,0.08807199652079607,1.0,VALID,pope,0.3,Naive Confidence (NC),temperature_transfer
0.10855606971283667,10.855606971283667,0.1079461847987855,10.79461847987855,0.11526171380563978,0.11910274571460765,0.007168872403705354,0.12627051532610198,0.020348316494478463,0.01519390941672552,0.8158803222094361,0.602692443964891,0.047100622568602986,0.09952797024340232,1.0,VALID,pope,0.3,Temperature Scaling (TS),temperature_transfer
0.10663260335337071,10.663260335337071,0.10550533551327204,10.550533551327204,0.10873745581063318,0.118300199245632,0.007971418872681005,0.12627051532610198,0.020348316494478463,0.014233165599258695,0.8158803222094361,0.6317167659737931,0.04700870996776035,0.10954980372190115,1.0,VALID,pope,0.3,Platt Scaling (1D),temperature_transfer
0.106437533448812,10.6437533448812,0.10534475196803553,10.534475196803553,0.10882015268332816,0.11635106251919869,0.009920555599114311,0.12627051532610198,0.025720346716634156,0.017393803874890548,0.81668584579977,0.6519799816487132,0.04741622597433351,0.11086933011803692,0.9917566624539338,VALID,pope,0.3,Trajectory LR,temperature_transfer
0.1070732962569399,10.70732962569399,0.1070749188332636,10.70749188332636,0.11373688421852411,0.1168139658318082,0.009457652286504803,0.12627051532610198,0.030345065140346524,0.02099523118946775,0.8162255466052935,0.6135631223968315,0.04755142965634355,0.10285613371682217,0.9900369757793958,VALID,pope,0.3,Trajectory LR (No Bias),temperature_transfer
0.10708623540146542,10.708623540146542,0.10572199288208793,10.572199288208793,0.10878414299358252,0.11834262863456926,0.007928989483743737,0.12627051532610198,0.020348316494478463,0.014215316845156992,0.8158803222094361,0.7155807720903855,0.04707511544892495,0.10880282452193606,1.0,VALID,pope,0.3,Quadratic Platt (Logit-Only),temperature_transfer
0.11345378194855356,11.345378194855355,0.11345378194855352,11.345378194855352,0.11614127762756063,0.1252952183899152,0.0009763997283978032,0.12627051532610198,0.018295726749898288,0.01817951967978115,0.751668584579977,0.49646997381277014,0.06842137305057018,0.06933700946365523,0.7044449516506077,COLLAPSED,pope,0.3,Spline Calibration (PCHIP),temperature_transfer
0.10912349966636703,10.912349966636704,0.1091251040116093,10.91251040116093,0.11809494066447285,0.1191864150012087,0.007085203117104297,0.12627051532610198,0.020915251057369903,0.015485138275891656,0.815247410817031,0.615271300460912,0.04798400437784785,0.0967355980619699,0.9914886885202358,VALID,pope,0.3,Adaptive TS (ATS),temperature_transfer
0.010314899389254468,1.0314899389254468,0.010314899389254468,1.0314899389254468,0.019599254861864174,0.12068808787449554,0.0055835302438174556,0.12627051532610198,0.0057384877515118645,0.00015606029990543777,0.64807249712313,0.39801544256392557,0.10453356475089161,0.06870559818628139,0.44216783998111564,VALID,pope,0.3,MSSC (Multi-Scale Proxy),temperature_transfer
0.10743181498261499,10.7431814982615,0.10637789675152066,10.637789675152067,0.11108457759096041,0.11831056025623546,0.007961057862077542,0.12627051532610198,0.02035099052006354,0.01461267375740045,0.8175489067894132,0.6327084760472649,0.04704759586578179,0.10654457934807325,0.9957489692294458,VALID,pope,0.3,Residual Calibrator,temperature_transfer
0.10793782006415314,10.793782006415315,0.10708527989501017,10.708527989501016,0.1123567277634076,0.11834582628401535,0.007925791834297646,0.12627051532610198,0.021649003677914974,0.01567213451659838,0.8156501726121979,0.6530780338698017,0.047762656825980576,0.10624637041410297,0.9924824613241877,VALID,pope,0.3,VCPS-5D (Our Method),temperature_transfer
0.10648396955471712,10.648396955471712,0.10541872589146564,10.541872589146564,0.1093354942045775,0.11802147477014087,0.008250143348172131,0.12627051532610198,0.020465438815104826,0.014215460781492974,0.8155926352128884,0.6386670213810477,0.04790800499634397,0.10952638133294385,0.9926891064133065,VALID,pope,0.3,VCPS-17D (Our Method),temperature_transfer
0.3358667470160107,33.58667470160107,0.33293471191920954,33.29347119192095,0.3379105764902837,0.3337038228037631,-0.09962157410343192,0.23406406234682875,0.01837494677064444,0.11969623369560878,0.7498102243279324,2.8135466203997677,0.2229938889803524,0.10744305608457926,1.0,COLLAPSED,scienceqa,0.3,Naive Confidence (NC),temperature_transfer
0.2273541691120201,22.735416911202012,0.22735416911202028,22.735416911202027,0.22980274934336894,0.2522409352675691,-0.018158686567237903,0.23406406234682875,0.04144506309964995,0.05981177741636349,0.7498102243279324,0.7917219305719004,0.2229938889803524,0.15118119344618444,1.0,COLLAPSED,scienceqa,0.3,Temperature Scaling (TS),temperature_transfer
0.22579574242146205,22.579574242146204,0.2247522941959461,22.475229419594612,0.20655334490841648,0.2505334420469199,-0.016451193346588733,0.23406406234682875,0.04206666023713117,0.05892521906213999,0.7498102243279324,0.9534225263591493,0.21712800216174297,0.22318183946884187,1.0,COLLAPSED,scienceqa,0.3,Platt Scaling (1D),temperature_transfer
0.23637652092563957,23.637652092563957,0.22963034880318708,22.96303488031871,0.22429075271241553,0.25463545671450205,-0.020553208014170876,0.23406406234682875,0.041233920560507925,0.0624102753871082,0.7642855273146089,1.022581848697858,0.19948100189623316,0.19663859445128187,0.9633855307677314,COLLAPSED,scienceqa,0.3,Trajectory LR,temperature_transfer
0.23083381313777024,23.083381313777025,0.23083381313777032,23.083381313777032,0.2320418309134337,0.24970600335860596,-0.015623754658274785,0.23406406234682875,0.04130907000953442,0.05812037792680365,0.7692589587205193,0.8222004376718962,0.2000990997895216,0.16525129957873103,0.959588834670746,COLLAPSED,scienceqa,0.3,Trajectory LR (No Bias),temperature_transfer
0.20982889999121068,20.982889999121067,0.21368866319239288,21.368866319239288,0.1826356716520477,0.24954159235518186,-0.015459343654850688,0.23406406234682875,0.03707841132310324,0.05255450388619817,0.749496112870717,1.6032056857440997,0.21509439611733733,0.2317788144576946,0.9999667203178466,COLLAPSED,scienceqa,0.3,Quadratic Platt (Logit-Only),temperature_transfer
0.23437412635054045,23.437412635054045,0.2343741263505404,23.437412635054038,0.22174174371383887,0.26593674585906163,-0.031854497158730455,0.23406406234682875,0.031336157025505684,0.06337866823204506,0.6887286338769206,0.884588063949722,0.25160770321898007,0.1831434306760274,0.892725097219933,COLLAPSED,scienceqa,0.3,Spline Calibration (PCHIP),temperature_transfer
0.22921545203735322,22.92154520373532,0.22921545203735322,22.92154520373532,0.23204705853247398,0.25214292119597753,-0.018060672495646357,0.23406406234682875,0.041362246575619294,0.05985146602080488,0.7622438028427088,0.7968818624156613,0.20320675537038776,0.15141415824496565,0.9681243093564964,COLLAPSED,scienceqa,0.3,Adaptive TS (ATS),temperature_transfer
0.06548580380583136,6.548580380583136,0.06548580380583136,6.548580380583136,0.06659727341582208,0.21021356618855208,0.023868682511779094,0.23406406234682875,0.029751349355221238,0.00590085319694458,0.6652226264953015,0.6110990554359057,0.24717215145480997,0.09598576173275679,0.48038932556985187,VALID,scienceqa,0.3,MSSC (Multi-Scale Proxy),temperature_transfer
0.2198705316779606,21.987053167796063,0.22163965523707452,22.163965523707454,0.20538350596325033,0.24957614636461345,-0.015493897664282275,0.23406406234682875,0.03926971250172366,0.05492999304905248,0.7619558673402612,0.950450912909786,0.19758989179758465,0.2154574226166999,0.9715921956168191,COLLAPSED,scienceqa,0.3,Residual Calibrator,temperature_transfer
0.228705250688661,22.870525068866097,0.22373869342746183,22.373869342746183,0.20697249504608112,0.24992158775490322,-0.01583933905457205,0.23406406234682875,0.04193076217973607,0.05787198963706655,0.762636442164228,0.9688358580945919,0.19746411275962641,0.21649047182404307,0.9692605716828072,COLLAPSED,scienceqa,0.3,VCPS-5D (Our Method),temperature_transfer
0.22166693811398244,22.166693811398243,0.22416005972256325,22.416005972256325,0.20572491644359323,0.2497358406380849,-0.01565359193775373,0.23406406234682875,0.041937329909100235,0.0580004426152365,0.7674789937962988,0.956410506918345,0.1828663787252272,0.22280110617422938,0.9710089969551666,COLLAPSED,scienceqa,0.3,VCPS-17D (Our Method),temperature_transfer
0.548121802966503,54.812180296650304,0.5481218029665031,54.81218029665031,0.5290476869833204,0.5198974178328613,-0.29005916783286123,0.22983599999999998,0.016975316297381846,0.30738963178936535,0.6508553925407682,4.301753837821418,0.5535252505908559,0.1612606182675532,1.0,COLLAPSED,textvqa,0.3,Naive Confidence (NC),temperature_transfer
0.2831857005964835,28.31857005964835,0.2831857005964835,28.31857005964835,0.2831857005964577,0.295691335522032,-0.06585308552203198,0.22983599999999998,0.017530195065978346,0.083790950345938,0.6508553925407682,0.796161994080263,0.5535252505908559,0.10631956755587467,1.0,COLLAPSED,textvqa,0.3,Temperature Scaling (TS),temperature_transfer
0.28105198579599866,28.105198579599865,0.28105198579599855,28.105198579599854,0.25207370265406753,0.31562576956701843,-0.08578751956701844,0.22983599999999998,0.02034094019363857,0.10487962679828097,0.6508553925407682,1.005111307482756,0.48052912998086317,0.2765627274055653,1.0,COLLAPSED,textvqa,0.3,Platt Scaling (1D),temperature_transfer
0.17990280569562678,17.990280569562678,0.17853910151064745,17.853910151064746,0.18054828141990972,0.22673263407707195,0.0031056159229280456,0.22983599999999998,0.04504828375136116,0.04239267104011809,0.7385614090046817,0.6671129251041723,0.23795381726908243,0.30100732343155845,0.7520815151574848,VALID,textvqa,0.3,Trajectory LR,temperature_transfer
0.12167148849733987,12.167148849733987,0.11237612471060607,11.237612471060606,0.10505052097733972,0.1995142919728165,0.03032395802718349,0.22983599999999998,0.048618831256893605,0.01886257604641088,0.7544509998433666,0.5968774855817949,0.20238277937351867,0.2877588136634337,0.5514660868201956,VALID,textvqa,0.3,Trajectory LR (No Bias),temperature_transfer
0.2540813643531994,25.40813643531994,0.24960947713645568,24.960947713645567,0.21599692784301908,0.3059682083366092,-0.07612995833660921,0.22983599999999998,0.014195222893961594,0.09104867785406262,0.443838215075097,1.164002623752122,0.4242838134983138,0.2211133594366482,-0.5220520260325413,COLLAPSED,textvqa,0.3,Quadratic Platt (Logit-Only),temperature_transfer
0.15626953752930844,15.626953752930845,0.15626953752930858,15.626953752930858,0.15681688524432302,0.24812101508234036,-0.018282765082340363,0.22983599999999998,0.014201505256409078,0.03252195642030208,0.6336344175847126,0.6886113638914881,0.409793679695726,0.05832927975226324,0.8754786066673845,COLLAPSED,textvqa,0.3,Spline Calibration (PCHIP),temperature_transfer
0.29700670244141447,29.70067024414145,0.3008847764879897,30.08847764879897,0.2970067036383627,0.3003952446260041,-0.0705569946260041,0.22983599999999998,0.02750665295480576,0.09828076348096511,0.6800153152682782,0.807757682068469,0.486892285878756,0.1147427773073293,0.9876826671291218,COLLAPSED,textvqa,0.3,Adaptive TS (ATS),temperature_transfer
0.09652020167985592,9.652020167985592,0.09881840550045712,9.881840550045712,0.06579521928017797,0.21923426369378915,0.010603986306210844,0.22983599999999998,0.023852170537215424,0.013983985324353148,0.6886127499608417,0.6283063532352617,0.21396175418988286,0.08267976188205063,0.11286612732540063,VALID,textvqa,0.3,MSSC (Multi-Scale Proxy),temperature_transfer
0.27261710682910756,27.261710682910756,0.27177237605904586,27.177237605904587,0.24938243100743857,0.3120102801922471,-0.08217203019224709,0.22983599999999998,0.021345834271671388,0.10460839207624475,0.6782749438730225,0.9737754216265441,0.40189506307651746,0.29467795336806457,0.9848448072922825,COLLAPSED,textvqa,0.3,Residual Calibrator,temperature_transfer
0.26282442602359946,26.282442602359946,0.2635111592956708,26.351115929567083,0.24962276371575248,0.30271230326755927,-0.07287405326755927,0.22983599999999998,0.033652667496276455,0.10546415165813162,0.6981325814928907,0.9193289131621848,0.375978707278796,0.2994556200157915,0.9692776412455755,COLLAPSED,textvqa,0.3,VCPS-5D (Our Method),temperature_transfer
0.27162870648673554,27.162870648673554,0.2716287064867356,27.16287064867356,0.2495319949513385,0.30813546666702313,-0.07829721666702313,0.22983599999999998,0.019315676861737036,0.10038454382940579,0.6875685271236882,0.9554318404552137,0.39757136513762237,0.287739797066459,0.9806644903005411,COLLAPSED,textvqa,0.3,VCPS-17D (Our Method),temperature_transfer
0.6225445919866047,62.25445919866047,0.6225445919866048,62.254459198660484,0.6112254455778123,0.5552097021968013,-0.37594545219680126,0.17924400000000001,0.01689244598674336,0.3951060789865403,0.7612193434647743,2.913563305371037,0.6035339483541611,0.18408869275852402,0.9999999999999998,COLLAPSED,vizwiz-vqa,0.3,Naive Confidence (NC),temperature_transfer
0.5010252789266662,50.102527892666615,0.5010252789266662,50.102527892666615,0.5004413421674241,0.40374486988480324,-0.22448061988480317,0.17924400000000001,0.02969879123381615,0.25495443825656827,0.7612193434647743,1.195368751854987,0.6035339483541611,0.1676382944499114,0.9999999999999998,COLLAPSED,vizwiz-vqa,0.3,Temperature Scaling (TS),temperature_transfer
0.37139142923086466,37.13914292308647,0.37139142923086466,37.13914292308647,0.34204921319884873,0.3222954765854064,-0.14303122658540635,0.17924400000000001,0.029047965450207804,0.17285363671242804,0.7612193434647743,1.3690724737004238,0.435390325770619,0.3261933036425297,0.9999999999999998,COLLAPSED,vizwiz-vqa,0.3,Platt Scaling (1D),temperature_transfer
0.29625045712350595,29.625045712350595,0.2954671616784135,29.546716167841353,0.2855188526242293,0.2762929709886206,-0.09702872098862053,0.17924400000000001,0.03365661720149005,0.13185851827165496,0.7607730244805962,1.0430151173576792,0.3607627521422227,0.35258275222721785,0.9881811960473681,COLLAPSED,vizwiz-vqa,0.3,Trajectory LR,temperature_transfer
0.2792283921538356,27.92283921538356,0.27988424310702104,27.988424310702104,0.28477308273403557,0.26491370305629564,-0.08564945305629557,0.17924400000000001,0.03286805050862102,0.1205760623706997,0.7663743277320301,0.8736784525275857,0.3140565009590107,0.3453909139733501,0.951391218393087,COLLAPSED,vizwiz-vqa,0.3,Trajectory LR (No Bias),temperature_transfer
0.2930585417640797,29.30585417640797,0.2908434538184844,29.084345381848443,0.2781873055062374,0.27590661606749883,-0.09664236606749876,0.17924400000000001,0.018030590552467078,0.11391720031950144,0.5109013411885474,1.0201450463724704,0.3904850859252712,0.24894816322537153,0.24994717209665182,COLLAPSED,vizwiz-vqa,0.3,Quadratic Platt (Logit-Only),temperature_transfer
0.26075901804153767,26.075901804153766,0.26075901804153767,26.075901804153766,0.2607639465658448,0.23911403587581362,-0.05984978587581355,0.17924400000000001,0.010979882352941178,0.07111013544284406,0.63658476713307,0.6654323445800221,0.3651169409770418,0.12450163383438166,0.805078164261115,COLLAPSED,vizwiz-vqa,0.3,Spline Calibration (PCHIP),temperature_transfer
0.5136543330533352,51.36543330533352,0.5136543330533352,51.36543330533352,0.5127802728936576,0.41702102769911814,-0.23775677769911807,0.17924400000000001,0.0298504854781836,0.2677378188382214,0.7615317667536989,1.275366379132337,0.6127042563006162,0.17041120399067294,0.9986270751087525,COLLAPSED,vizwiz-vqa,0.3,Adaptive TS (ATS),temperature_transfer
0.0534091603397602,5.34091603397602,0.05358584620453792,5.358584620453792,0.03895816876938438,0.1705477950687033,0.008716454931296774,0.17924400000000001,0.01152812279826225,0.003305415017284677,0.6764075784963514,0.5193466527638306,0.13890335924978595,0.07149000364957124,0.34880391410930156,VALID,vizwiz-vqa,0.3,MSSC (Multi-Scale Proxy),temperature_transfer
0.36844087348444504,36.8440873484445,0.368440873484445,36.844087348444496,0.3395415712311517,0.3215939881433406,-0.14232973814334055,0.17924400000000001,0.028878939139807564,0.17182974504425452,0.7615987146013256,1.367561428631861,0.4330405916963421,0.3298193255456836,0.9997594872372788,COLLAPSED,vizwiz-vqa,0.3,Residual Calibrator,temperature_transfer
0.3580733902611465,35.80733902611465,0.3580733902611465,35.80733902611465,0.3302196683834412,0.31339440248465256,-0.1341301524846525,0.17924400000000001,0.030055354814247107,0.16449338191045046,0.7651246345763317,1.304107268907605,0.42000464096005474,0.33149752192575416,0.9987653204959831,COLLAPSED,vizwiz-vqa,0.3,VCPS-5D (Our Method),temperature_transfer
0.3641605259743025,36.41605259743025,0.36416052597430243,36.416052597430244,0.3352617641663917,0.3171220553139043,-0.13785780531390424,0.17924400000000001,0.030255893755233135,0.16833129304585298,0.7636517819285444,1.3308632447561282,0.4239210526330294,0.3281557885732246,0.9993859366805331,COLLAPSED,vizwiz-vqa,0.3,VCPS-17D (Our Method),temperature_transfer
0.10982628315285532,10.982628315285533,0.10868605047544698,10.868605047544698,0.11518864890433117,0.1283369027298982,0.01124800447151772,0.1391881779411658,0.0354310628124654,0.025513985790894245,0.8130806973588056,0.5137350332853635,0.0552954761952944,0.11415629768910969,0.9999999999999999,VALID,pope,0.6,Naive Confidence (NC),temperature_transfer
0.0890788913357832,8.90788913357832,0.09359904691326472,9.359904691326472,0.0842656004358582,0.12043703140840979,0.019147875793006128,0.1391881779411658,0.036086333429776324,0.017877249006914078,0.8130806973588056,0.42211890509626493,0.0552954761952944,0.12526997446220925,0.9999999999999999,VALID,pope,0.6,Temperature Scaling (TS),temperature_transfer
0.09046970579034513,9.046970579034513,0.09117211838299115,9.117211838299115,0.08093145885009283,0.11905311900231391,0.020531788199102008,0.1391881779411658,0.0361359857749077,0.016062615912299665,0.8130806973588056,0.4269438688428807,0.05518434336392823,0.1390118997619091,0.9999999999999999,VALID,pope,0.6,Platt Scaling (1D),temperature_transfer
0.0792992862274893,7.92992862274893,0.0772194977822104,7.721949778221041,0.07029756412841551,0.11557522760966654,0.024009679591749378,0.1391881779411658,0.033841196381246226,0.010533268665652743,0.8143334377283642,0.4300483416456628,0.05480740777357504,0.14396627523959482,0.9917605743745128,VALID,pope,0.6,Trajectory LR,temperature_transfer
0.08176235393446847,8.176235393446847,0.08138704138823452,8.138704138823453,0.07781517907494302,0.1174157274614131,0.02216917974000282,0.1391881779411658,0.03156550005695054,0.011703459336695275,0.8125065246894247,0.4235763778861704,0.05536372493803602,0.13062082280103546,0.9901931615050713,VALID,pope,0.6,Trajectory LR (No Bias),temperature_transfer
0.0898295379898014,8.98295379898014,0.09009608563185291,9.00960856318529,0.07937684247348854,0.1187177384556208,0.020867168745795125,0.1391881779411658,0.035347295676310155,0.015408341913815094,0.8130806973588056,0.43702464565555965,0.055174386237322785,0.13817289994810666,0.9999999999999999,VALID,pope,0.6,Quadratic Platt (Logit-Only),temperature_transfer
0.10816947483152849,10.816947483152848,0.11016730163390225,11.016730163390225,0.1141846865929931,0.13010360215464817,0.009481305046767752,0.1391881779411658,0.034955911731319234,0.02603110842839253,0.7837978912203779,0.4511238063234484,0.07626684828797776,0.08973627390222065,0.9048770632800596,VALID,pope,0.6,Spline Calibration (PCHIP),temperature_transfer
0.09075597295386234,9.075597295386235,0.08521079931915118,8.521079931915118,0.08505850462197431,0.12066510514923623,0.01891980205217969,0.1391881779411658,0.03836569140791075,0.019535600515643375,0.8138114625743816,0.42411658953565473,0.055214675708129504,0.12311859698003456,0.9968452054822149,VALID,pope,0.6,Adaptive TS (ATS),temperature_transfer
0.037768258429022296,3.7768258429022294,0.037768258429022296,3.7768258429022294,0.03830330139091262,0.1290948800350373,0.010490027166378618,0.1391881779411658,0.011527598485090287,0.0014343005789617799,0.6928437206388974,0.41381077565945407,0.08219205969040481,0.06959097678507123,0.5408812439495978,VALID,pope,0.6,MSSC (Multi-Scale Proxy),temperature_transfer
0.08983388418641418,8.983388418641418,0.0814933645406139,8.14933645406139,0.08060446328129216,0.11897180361832352,0.0206131035830924,0.1391881779411658,0.03598362568000975,0.016275731643778782,0.8134460799665937,0.4268363814238437,0.05535273469026065,0.1361082397800189,0.9996157360063121,VALID,pope,0.6,Residual Calibrator,temperature_transfer
0.0901124224280312,9.011242242803121,0.08510950252035564,8.510950252035563,0.08061809119829583,0.11876186618441952,0.020823041016996405,0.1391881779411658,0.03705149437303179,0.01753435988448702,0.8145422277899571,0.43057893336646924,0.05492775060662723,0.13741370159284338,0.9974518178343303,VALID,pope,0.6,VCPS-5D (Our Method),temperature_transfer
0.08973329964156022,8.973329964156022,0.08933749529358102,8.933749529358103,0.08130163429226547,0.11866175061195156,0.020923156589464365,0.1391881779411658,0.037093047766124404,0.016835969949635855,0.8138636600897796,0.4267403051711548,0.0553009799024844,0.13931059126779816,0.998286643222283,VALID,pope,0.6,VCPS-17D (Our Method),temperature_transfer
0.2971128834539565,29.711288345395648,0.28737239496479233,28.737239496479233,0.29570591361298376,0.2987876842390246,-0.06599753623047366,0.23278967748259974,0.027348302960362034,0.09537739003756744,0.7664561126464009,1.570457355159178,0.17173406121386503,0.142116364114159,0.9999999999999999,COLLAPSED,scienceqa,0.6,Naive Confidence (NC),temperature_transfer
0.14415161240335375,14.415161240335376,0.15192047624665134,15.192047624665134,0.14840175587025156,0.21234271623293288,0.02044743177561803,0.23278967748259974,0.05140074564330068,0.030639293264979904,0.7664561126464009,0.605735382011019,0.17173406121386503,0.16373285825934886,0.9999999999999999,VALID,scienceqa,0.6,Temperature Scaling (TS),temperature_transfer
0.1253941613312928,12.539416133129281,0.1275129048731868,12.75129048731868,0.11959693391306765,0.20663503141836373,0.026155116590187183,0.23278967748259974,0.053066724820260494,0.025635509800493707,0.7664561126464009,0.6206589362779794,0.1587428484822691,0.25731485802826815,0.9999999999999999,VALID,scienceqa,0.6,Platt Scaling (1D),temperature_transfer
0.11453346520453819,11.453346520453819,0.11628801507086467,11.628801507086466,0.10114605330748368,0.2002694753832483,0.032520672625302616,0.23278967748259974,0.05164443596572675,0.0213744126321449,0.7851033030661929,0.6153610029267202,0.14961903019678566,0.24585236439758615,0.9662380265903215,VALID,scienceqa,0.6,Trajectory LR,temperature_transfer
0.14037560198607904,14.037560198607904,0.14231900818371937,14.231900818371937,0.1415521936604454,0.2068690887513309,0.02592105925722002,0.23278967748259974,0.05234523379309404,0.02741788897045249,0.7767337807606265,0.598786669112188,0.16343706320095702,0.1888360728377716,0.9733768740672042,VALID,scienceqa,0.6,Trajectory LR (No Bias),temperature_transfer
0.10907316975665217,10.907316975665218,0.12865719515111743,12.865719515111742,0.09901334344382896,0.20611954568946633,0.02667060231908458,0.23278967748259974,0.04404299186654659,0.02007416932598516,0.7656928543229372,0.7118876655454713,0.1571055893867484,0.263028516075996,0.999703300576187,VALID,scienceqa,0.6,Quadratic Platt (Logit-Only),temperature_transfer
0.14496155849313783,14.496155849313782,0.150112785973928,15.0112785973928,0.13401456177484636,0.2244443447759127,0.0083458032326382,0.23278967748259974,0.0347226105498419,0.025777900107881977,0.7344255823134624,0.7136843784792548,0.21136519117382982,0.2251288797338363,0.9527875734741144,VALID,scienceqa,0.6,Spline Calibration (PCHIP),temperature_transfer
0.14545732313054618,14.545732313054618,0.15163294297175495,15.163294297175495,0.14989572568074938,0.21176261607619715,0.021027531932353766,0.23278967748259974,0.0528384665929309,0.032483053784166015,0.7691011975259903,0.6042574338758534,0.17066674103951016,0.16438583921053218,0.9982638893397672,VALID,scienceqa,0.6,Adaptive TS (ATS),temperature_transfer
0.06230111299174638,6.230111299174638,0.06230111299174638,6.230111299174638,0.06113135176704711,0.2088909300564481,0.023899217952102814,0.23278967748259974,0.029444103784648252,0.0055453563584965835,0.6807606263982104,0.608142381912185,0.2287471226147716,0.1076590596734721,0.615982523069205,VALID,scienceqa,0.6,MSSC (Multi-Scale Proxy),temperature_transfer
0.12821208008280272,12.821208008280271,0.11789557381916303,11.789557381916303,0.11055504521261333,0.20361982105707233,0.029170326951478587,0.23278967748259974,0.05467256903152404,0.02642805849850963,0.7715488880115805,0.6128361058886933,0.15585922276233366,0.2517927476876692,0.9980428656260916,VALID,scienceqa,0.6,Residual Calibrator,temperature_transfer
0.12451882691608525,12.451882691608525,0.11919473759515142,11.919473759515142,0.11249207932386214,0.20370243588778195,0.029087712120768966,0.23278967748259974,0.05236974129602652,0.02387700394749447,0.7727858928806421,0.6157181743345588,0.15498838094510572,0.25393220782518156,0.9971835312533165,VALID,scienceqa,0.6,VCPS-5D (Our Method),temperature_transfer
0.12763484245181628,12.763484245181628,0.1265242702008769,12.65242702008769,0.11608499279716891,0.20537746788093872,0.027412680127612193,0.23278967748259974,0.05387930080306859,0.027011858229651898,0.7683116199499933,0.6182954843952887,0.1572356211768138,0.2572507681698305,0.9991296258886697,VALID,scienceqa,0.6,VCPS-17D (Our Method),temperature_transfer
0.47839414204028585,47.839414204028586,0.47839414204028585,47.839414204028586,0.4444627686967023,0.43770685592806957,-0.21647860592806958,0.22041599999999997,0.023663341673862144,0.24145576103857608,0.6729729239256678,2.529569341910004,0.5678403382385409,0.23803132051742557,1.0,COLLAPSED,textvqa,0.6,Naive Confidence (NC),temperature_transfer
0.24973525697801677,24.973525697801676,0.25021534091767256,25.021534091767254,0.24973525697802565,0.27147909704399487,-0.05025084704399488,0.22041599999999997,0.024129765948963315,0.0756902613128558,0.6729729239256678,0.7394938336102245,0.5678403382385409,0.0788278093706187,1.0,COLLAPSED,textvqa,0.6,Temperature Scaling (TS),temperature_transfer
0.15580362977696402,15.580362977696401,0.16110006481656974,16.110006481656974,0.1498982871535909,0.24507249805402556,-0.023844248054025574,0.22041599999999997,0.026810779938558422,0.05212656648488834,0.6729729239256678,0.7189858391372915,0.40743229864445685,0.23801163085624633,1.0,COLLAPSED,textvqa,0.6,Platt Scaling (1D),temperature_transfer
0.08915522767019263,8.915522767019263,0.09167429383879555,9.167429383879554,0.09136151994701237,0.18083634839717996,0.040391901602820024,0.22041599999999997,0.053049683536213046,0.014064605219831373,0.7680204703832753,0.5570726123515651,0.175311544547521,0.29411268281703323,0.7157668564946755,VALID,textvqa,0.6,Trajectory LR,temperature_transfer
0.08910647137127842,8.910647137127842,0.09040544786678434,9.040544786678433,0.06315571121611563,0.17131513552521707,0.049913114474782916,0.22041599999999997,0.06331293115240069,0.014268711243619468,0.7822662601626017,0.5305360532728003,0.16067247942169463,0.29256790922255665,0.5783127602871018,VALID,textvqa,0.6,Trajectory LR (No Bias),temperature_transfer
0.07311171342719151,7.311171342719152,0.09273827604737167,9.273827604737168,0.075313457275409,0.20897718109935823,0.01225106890064176,0.22041599999999997,0.02104470239365991,0.010498104018122444,0.6697608159117303,0.6157761506697743,0.24137007842652178,0.16762082120119273,0.39357484543212234,VALID,textvqa,0.6,Quadratic Platt (Logit-Only),temperature_transfer
0.1470297699344468,14.70297699344468,0.14702976993444677,14.702976993444677,0.1470297724879855,0.22683070723507923,-0.005602457235079239,0.22041599999999997,0.01879017151510678,0.026046718911902224,0.6864111498257839,0.6428793084931572,0.2759814766897775,0.10403212279735882,0.9552347315101936,COLLAPSED,textvqa,0.6,Spline Calibration (PCHIP),temperature_transfer
0.2591737397252415,25.91737397252415,0.2591737397252415,25.91737397252415,0.2591737397252492,0.2725016318128123,-0.051273381812812296,0.22041599999999997,0.024339227217309738,0.07657627146109723,0.6865200348432057,0.7417682676285163,0.5411865711585906,0.08623630935216715,0.9975820858641223,COLLAPSED,textvqa,0.6,Adaptive TS (ATS),temperature_transfer
0.1203408289298013,12.03408289298013,0.12898576738727036,12.898576738727035,0.10205106003662553,0.20646730173729794,0.01476094826270205,0.22041599999999997,0.03807469358790235,0.02500572332443916,0.7501542537746806,0.600469476809701,0.1775185439777185,0.06817505987830956,0.20984060525534057,VALID,textvqa,0.6,MSSC (Multi-Scale Proxy),temperature_transfer
0.14872770773091587,14.872770773091586,0.1500970210156855,15.00970210156855,0.15167384834949232,0.23441504820873096,-0.013186798208730977,0.22041599999999997,0.0265508046762507,0.04129062510153285,0.689496225319396,0.6836293671438509,0.34374582817187177,0.2545040036492244,0.9850436653030631,COLLAPSED,textvqa,0.6,Residual Calibrator,temperature_transfer
0.13710811146713767,13.710811146713766,0.14102098195799406,14.102098195799407,0.14296694221356604,0.2214267500914462,-0.00019850009144620206,0.22041599999999997,0.028505300350253716,0.03051002362080596,0.7115454413472706,0.6436490189416694,0.27138741579895587,0.2564611795903896,0.9701648509310729,COLLAPSED,textvqa,0.6,VCPS-5D (Our Method),temperature_transfer
0.14990355979293848,14.990355979293849,0.15107854234392465,15.107854234392464,0.1438508122694792,0.23181213298795808,-0.010583882987958093,0.22041599999999997,0.026833760882182815,0.03897713458502462,0.6990781068524972,0.675724685354818,0.3270231807525993,0.2510028936073534,0.987039177668251,COLLAPSED,textvqa,0.6,VCPS-17D (Our Method),temperature_transfer
0.49075786054134374,49.075786054134376,0.4907578605413437,49.07578605413437,0.4830732300441313,0.39352568163187646,-0.21739943163187642,0.176016,0.03277375156110156,0.25040662052900403,0.794598218343787,1.3978242472147304,0.5387770839928285,0.23741246776560404,1.0,COLLAPSED,vizwiz-vqa,0.6,Naive Confidence (NC),temperature_transfer
0.39313627220628167,39.31362722062816,0.3931362722062817,39.31362722062817,0.3926535234535813,0.29796283341032875,-0.12183658341032871,0.176016,0.03918094113168556,0.15993835127730263,0.794598218343787,0.8168549841526996,0.5387770839928285,0.14440808573095804,1.0,COLLAPSED,vizwiz-vqa,0.6,Temperature Scaling (TS),temperature_transfer
0.16709235087032145,16.709235087032145,0.16627594405899992,16.62759440589999,0.1631786377333426,0.17980768139485379,-0.003681431394853746,0.176016,0.040146115119302966,0.04272445160926043,0.794598218343787,0.596553868778581,0.21894803265932308,0.29122659030474535,1.0,COLLAPSED,vizwiz-vqa,0.6,Platt Scaling (1D),temperature_transfer
0.10104411714488579,10.10441171448858,0.10513070394287079,10.513070394287078,0.11737931513714477,0.1578966002631354,0.01822964973686464,0.176016,0.042160787822030144,0.024032902371689712,0.8009726388510136,0.5055429599622712,0.15551914723447263,0.29541108606276306,0.973159970063242,VALID,vizwiz-vqa,0.6,Trajectory LR,temperature_transfer
0.09770985921162477,9.770985921162477,0.10583633559216446,10.583633559216446,0.11387154698825981,0.15109178072876941,0.025034469271230625,0.176016,0.04621329987039781,0.02028045522555105,0.8149031906190347,0.46679576400787076,0.1076146954124297,0.2899035252131406,0.9063090882420296,VALID,vizwiz-vqa,0.6,Trajectory LR (No Bias),temperature_transfer
0.13585207301866825,13.585207301866825,0.13585207301866828,13.585207301866827,0.141628851756082,0.16731293924763435,0.008813310752365688,0.176016,0.03244848378191885,0.0231781810415053,0.780440414507772,0.49941102248427655,0.11919419688166487,0.23165499331614106,0.9502249433429626,VALID,vizwiz-vqa,0.6,Quadratic Platt (Logit-Only),temperature_transfer
0.18281787910612501,18.2817879106125,0.18281787910612501,18.2817879106125,0.18332479330902446,0.1891180485222137,-0.01299179852221366,0.176016,0.02538293735812056,0.038710212923151244,0.7505794927733843,0.5523849083626676,0.17173947700479625,0.1765539601481406,0.951410877868077,COLLAPSED,vizwiz-vqa,0.6,Spline Calibration (PCHIP),temperature_transfer
0.39829379590562497,39.829379590562496,0.39829379590562514,39.82937959056251,0.39777854809916285,0.30213050660882945,-0.1260042566088294,0.176016,0.035781387058383664,0.1620455052797864,0.7941323516043995,0.8340843519755662,0.5339788459258878,0.1521824497048459,0.9986239303636233,COLLAPSED,vizwiz-vqa,0.6,Adaptive TS (ATS),temperature_transfer
0.07325105765327536,7.325105765327536,0.08989573846782198,8.989573846782198,0.06478810699469599,0.16319282884777758,0.012933421152222457,0.176016,0.01963410770220983,0.007645806310642753,0.7354558676483955,0.5006959733560727,0.1163834319402813,0.06576355338015623,0.4667984789480424,VALID,vizwiz-vqa,0.6,MSSC (Multi-Scale Proxy),temperature_transfer
0.16356673831704582,16.356673831704583,0.16356673831704582,16.356673831704583,0.16169113574751268,0.1791173753366949,-0.00299112533669485,0.176016,0.037869980544259996,0.04026337582609496,0.7949504590491774,0.5943236684890429,0.21617018531903887,0.294401832129207,0.9996757586719123,COLLAPSED,vizwiz-vqa,0.6,Residual Calibrator,temperature_transfer
0.15471330996310534,15.471330996310535,0.1547133099631054,15.47133099631054,0.1534969390816683,0.17404764281494442,0.00207860718505562,0.176016,0.03755677481392457,0.03633214536579378,0.7981319880010908,0.5718034905362356,0.20161533898292444,0.29110426055491,0.9989359316415806,VALID,vizwiz-vqa,0.6,VCPS-5D (Our Method),temperature_transfer
0.164008119498215,16.4008119498215,0.1596639045904497,15.966390459044971,0.15736191905670072,0.17668270194612473,-0.000556451946124692,0.176016,0.039892966320975706,0.04111943924355735,0.7966775747659303,0.5830829225396347,0.2094855072806153,0.2902717879282759,0.9996323184939813,COLLAPSED,vizwiz-vqa,0.6,VCPS-17D (Our Method),temperature_transfer
0.09843864322029995,9.843864322029996,0.09867125942379314,9.867125942379314,0.09889008625984097,0.13968146349829824,0.020824326547993766,0.15804883719240634,0.031066122494588445,0.014023366480366516,0.8038521651190587,0.4564018274710054,0.06891847706632016,0.1309720171157113,1.0,VALID,pope,1.0,Naive Confidence (NC),temperature_transfer
0.06354794469721844,6.354794469721845,0.07809835514256559,7.80983551425656,0.05685946042039873,0.13226063694750423,0.02824515309878778,0.15804883719240634,0.03440522025353261,0.008960431288583615,0.8038521651190587,0.41244697406632314,0.06891847706632016,0.13559664828010906,1.0,VALID,pope,1.0,Temperature Scaling (TS),temperature_transfer
0.054215898255094236,5.4215898255094235,0.06885257611978961,6.885257611978961,0.04895220832918578,0.13038576580539651,0.030120024240895493,0.15804883719240634,0.032789651212880334,0.005477723489578364,0.8038521651190587,0.40905120378490656,0.06888977353083314,0.1525363991937402,1.0,VALID,pope,1.0,Platt Scaling (1D),temperature_transfer
0.056125653372960826,5.612565337296083,0.06463504461947679,6.46350446194768,0.04506094485197087,0.12768719175375196,0.03281859829254005,0.15804883719240634,0.037545505319678416,0.007119086580228443,0.8045876620391652,0.40631785442664015,0.06968200157281369,0.16009731844539335,0.9823345498750647,VALID,pope,1.0,Trajectory LR,temperature_transfer
0.07329249257976693,7.329249257976693,0.08211840921070468,8.211840921070468,0.05370740139544243,0.12994426088964633,0.030561529156645673,0.15804883719240634,0.03909737078532259,0.011417043774043761,0.8029327939689253,0.4096646506724037,0.07042943189129214,0.14235039032891517,0.978136206065357,VALID,pope,1.0,Trajectory LR (No Bias),temperature_transfer
0.05708130238322666,5.708130238322666,0.06921654528686429,6.921654528686429,0.04823554605993993,0.13025466243020534,0.03025112761608667,0.15804883719240634,0.03224885384989664,0.0053429812670448195,0.8038521651190587,0.40873090542773627,0.06901016150416811,0.15106558301326775,1.0,VALID,pope,1.0,Quadratic Platt (Logit-Only),temperature_transfer
0.10193547624078701,10.1935476240787,0.11196387983939177,11.196387983939177,0.10502568113665385,0.1441780923881657,0.016327697658126306,0.15804883719240634,0.03052496725396466,0.01819905073225195,0.8038521651190587,0.46477673765871685,0.0689075397725327,0.10181910040512884,0.9933057853373861,VALID,pope,1.0,Spline Calibration (PCHIP),temperature_transfer
0.05976072161913567,5.976072161913567,0.07395393514766206,7.395393514766206,0.056687256463637745,0.13218820203154721,0.028317588014744793,0.15804883719240634,0.033068586320353595,0.008144174034015478,0.8033005424289785,0.4125090645836453,0.06978786678060028,0.13445577810669423,0.9966260266296632,VALID,pope,1.0,Adaptive TS (ATS),temperature_transfer
0.07242530036776552,7.242530036776553,0.07242530036776552,7.242530036776553,0.07230328495141566,0.1438619047265973,0.016643885319694712,0.15804883719240634,0.01950380474136193,0.005316872275552855,0.7189712236830007,0.44496848821592255,0.09488426454235326,0.06898158697142652,0.49785068647618996,VALID,pope,1.0,MSSC (Multi-Scale Proxy),temperature_transfer
0.05607615905072919,5.607615905072919,0.07016686337352562,7.016686337352562,0.04687773698176208,0.12986306135073164,0.030642728695560367,0.15804883719240634,0.0353266574732244,0.00661677832639717,0.8048634733842053,0.4078281542704416,0.06892078028093708,0.15021992757939656,0.9993969969933343,VALID,pope,1.0,Residual Calibrator,temperature_transfer
0.05833490879895137,5.833490879895137,0.06372178777506875,6.372178777506875,0.04558786222710458,0.1296062701868469,0.030899519859445113,0.15804883719240634,0.03311395022265961,0.005205889806750871,0.8040360393490854,0.4081698874374685,0.06949916093946888,0.15320096059065627,0.9968840536371949,VALID,pope,1.0,VCPS-5D (Our Method),temperature_transfer
0.04980626959935956,4.9806269599359565,0.06460304876932942,6.460304876932941,0.04646087931994064,0.12971059714960625,0.030795192896685752,0.15804883719240634,0.03270052682799453,0.004749386874862234,0.8042658821366185,0.40661313419654177,0.06901345954301294,0.15345456821074807,0.9981993922383499,VALID,pope,1.0,VCPS-17D (Our Method),temperature_transfer
0.2428057482189471,24.28057482189471,0.24282332922857594,24.282332922857595,0.24385834493902522,0.26163123855108594,-0.02561083881308432,0.23588373688854034,0.035472624348714926,0.06428280614295824,0.7768051948051948,0.9842069460931595,0.17473023611445454,0.17929831981278194,1.0,COLLAPSED,scienceqa,1.0,Naive Confidence (NC),temperature_transfer
0.11708137793420215,11.708137793420214,0.12169694348644411,12.169694348644411,0.09987972948908881,0.19745566604664283,0.038564733691358793,0.23588373688854034,0.05295209484539238,0.015994584758958402,0.7768051948051948,0.5685945350399648,0.17473023611445454,0.14055274146263275,1.0,VALID,scienceqa,1.0,Temperature Scaling (TS),temperature_transfer
0.07499051007483801,7.499051007483801,0.07751056308847319,7.751056308847319,0.04627002851402742,0.18611088702753337,0.04990951271046826,0.23588373688854034,0.055598415605182194,0.007172488558322431,0.7768051948051948,0.5391037718587346,0.14966749729187373,0.24390907290164232,1.0,VALID,scienceqa,1.0,Platt Scaling (1D),temperature_transfer
0.04984982461785878,4.984982461785878,0.05199919041242438,5.199919041242438,0.035313186613102496,0.17966079589458242,0.056359603843419204,0.23588373688854034,0.06028595689648737,0.004790422034761924,0.7868571428571428,0.5231667980530368,0.142101196210411,0.24328838995932028,0.9416185486026228,VALID,scienceqa,1.0,Trajectory LR,temperature_transfer
0.08819372658031722,8.819372658031723,0.09637850240122714,9.637850240122713,0.074861027515635,0.18919871668570196,0.04682168305229967,0.23588373688854034,0.05798139738493753,0.013103503773286625,0.7814805194805194,0.5484294119562416,0.16022378117641625,0.17204976978976702,0.9400339896717079,VALID,scienceqa,1.0,Trajectory LR (No Bias),temperature_transfer
0.04259500398979998,4.2595003989799975,0.059690776672884055,5.969077667288405,0.029847373281241308,0.1844590865805054,0.051561313157496236,0.23588373688854034,0.05509834859346538,0.003868009729822432,0.7737662337662338,0.5307073977515387,0.15349118516436966,0.2369223288665425,0.9971833902830697,VALID,scienceqa,1.0,Quadratic Platt (Logit-Only),temperature_transfer
0.07879691514291268,7.879691514291268,0.09726037587877608,9.726037587877608,0.07468456152235493,0.1972384707392586,0.038781928998743026,0.23588373688854034,0.05088723488196374,0.01329142879349185,0.7744285714285715,0.5871405352250222,0.16137294111634531,0.2373497907660236,0.9944570160720769,VALID,scienceqa,1.0,Spline Calibration (PCHIP),temperature_transfer
0.1084741480099321,10.84741480099321,0.11419493007353121,11.419493007353122,0.10043498866688662,0.19637556752385235,0.03964483221414927,0.23588373688854034,0.05317168771486992,0.01464592693710431,0.7787792207792209,0.5653079082406137,0.17377812928825237,0.1421359855534386,0.9985262710207289,VALID,scienceqa,1.0,Adaptive TS (ATS),temperature_transfer
0.08015848513224069,8.01584851322407,0.08015848513224069,8.01584851322407,0.07966615506545123,0.20462750968007432,0.03139289005792731,0.23588373688854034,0.041115970081854206,0.009866349471225519,0.7202467532467532,0.5991436205657482,0.23484937695803682,0.1152577260863071,0.6842609116779482,VALID,scienceqa,1.0,MSSC (Multi-Scale Proxy),temperature_transfer
0.05897183531024845,5.8971835310248455,0.05955424205293667,5.955424205293667,0.03867910491295383,0.18382061115647758,0.05219978858152405,0.23588373688854034,0.056743490967161636,0.005428120889694997,0.7813506493506495,0.5338572744809835,0.14697484524578153,0.2393438240441023,0.9958124840932218,VALID,scienceqa,1.0,Residual Calibrator,temperature_transfer
0.050536329336345165,5.053632933634517,0.05820277379845492,5.820277379845492,0.03903004640489654,0.18305515809515338,0.05296524164284824,0.23588373688854034,0.05695185523472772,0.004068060121817059,0.7825974025974027,0.5314046075117269,0.14571888670599512,0.243325797443319,0.9951729825331855,VALID,scienceqa,1.0,VCPS-5D (Our Method),temperature_transfer
0.06509504256392491,6.509504256392491,0.058997941199371316,5.899794119937131,0.043692548434974526,0.18498361118823944,0.05103678854976218,0.23588373688854034,0.055768433442511,0.005250710655064418,0.7787012987012987,0.5362766793663483,0.14854745046963258,0.24442172096565967,0.999150576684276,VALID,scienceqa,1.0,VCPS-17D (Our Method),temperature_transfer
0.4067039784491062,40.670397844910624,0.4067039784491063,40.670397844910624,0.3734398631279481,0.3602857777248032,-0.15512952772480318,0.198016,0.027521365337232276,0.18948433176680785,0.7204872333548804,1.410341362784243,0.5066466893265348,0.29579737417898233,1.0,COLLAPSED,textvqa,1.0,Naive Confidence (NC),temperature_transfer
0.26216566451695716,26.216566451695716,0.2621656645169571,26.216566451695712,0.26220153969333193,0.25463949447367107,-0.049483244473671056,0.198016,0.019545636906212145,0.07820557856949809,0.7204872333548804,0.7027025661401168,0.5066466893265348,0.05104308039924518,1.0,COLLAPSED,textvqa,1.0,Temperature Scaling (TS),temperature_transfer
0.09868228729121442,9.868228729121443,0.10249542045882368,10.249542045882368,0.08303748579436473,0.18550996182732155,0.019646288172678467,0.198016,0.030139242387536503,0.016915376623441825,0.7204872333548804,0.5516431193728419,0.15531122330222585,0.1598856926870081,1.0,VALID,textvqa,1.0,Platt Scaling (1D),temperature_transfer
0.043591739772563656,4.359173977256366,0.025486039538961502,2.5486039538961505,0.024242017114856997,0.13639471138349518,0.06876153861650483,0.198016,0.06446130031372135,0.0033340736530302396,0.8228021978021978,0.43160687192719344,0.09277449088552933,0.25574037358725893,0.7688601634406538,VALID,textvqa,1.0,Trajectory LR,temperature_transfer
0.046824570442410916,4.682457044241092,0.043950694874656325,4.395069487465633,0.02669716038118945,0.13005555844753489,0.07510069155246513,0.198016,0.07163999569537709,0.003450164656154776,0.8427197802197802,0.41553082989967427,0.0850329878632668,0.2593622569227888,0.6683375853503414,VALID,textvqa,1.0,Trajectory LR (No Bias),temperature_transfer
0.08868592790223301,8.868592790223301,0.0996289622724318,9.96289622724318,0.09258580659854988,0.183231014872019,0.021925235127981002,0.198016,0.0259599199051268,0.010372597409868446,0.7176389786683904,0.5420794918954351,0.16003222269941714,0.18148426493710873,0.9841720326881308,VALID,textvqa,1.0,Quadratic Platt (Logit-Only),temperature_transfer
0.14568449232088307,14.568449232088307,0.14568449232088304,14.568449232088303,0.14570787926156775,0.19750892494902855,0.00764732505097146,0.198016,0.026742604889846654,0.026374776835581877,0.7221234647705237,0.5778062817527944,0.18926936326828753,0.14477093383265768,0.9917731023049302,VALID,textvqa,1.0,Spline Calibration (PCHIP),temperature_transfer
0.26956481510098823,26.956481510098822,0.26711459859074976,26.711459859074978,0.2684800575220492,0.2543874361396737,-0.04923118613967367,0.198016,0.02357121846574478,0.08145785167255289,0.7338194893341952,0.7021299720901133,0.4825991048502696,0.056624310751993444,0.9982488569954281,COLLAPSED,textvqa,1.0,Adaptive TS (ATS),temperature_transfer
0.14873362260568476,14.873362260568475,0.17090344095318447,17.090344095318446,0.14341951494613028,0.17933056998144814,0.025825680018551872,0.198016,0.05131713456705746,0.03378094383261216,0.818671218487395,0.5420997603275787,0.1093285911107796,0.05769138386307858,0.2736855833854446,VALID,textvqa,1.0,MSSC (Multi-Scale Proxy),temperature_transfer
0.07948555358725316,7.948555358725316,0.08024989425984021,8.024989425984021,0.07471773400342159,0.1684401127367534,0.0367161372632466,0.198016,0.03854501878464641,0.008692763060819852,0.7598577892695539,0.5118553221333425,0.13233205496578576,0.1783739689515644,0.9803265453061811,VALID,textvqa,1.0,Residual Calibrator,temperature_transfer
0.07838832834506747,7.838832834506746,0.0847658951018542,8.47658951018542,0.07067210763563443,0.15975188470584953,0.045404365294150484,0.198016,0.04772362818212197,0.008974754355373565,0.7745232708468003,0.49249337844705493,0.12119977720272312,0.18082598833499955,0.9680949443797774,VALID,textvqa,1.0,VCPS-5D (Our Method),temperature_transfer
0.079779020285515,7.977902028551501,0.08785609648919804,8.785609648919804,0.07317533033513274,0.16866139592410553,0.03649485407589448,0.198016,0.03878627368714809,0.009600627680953737,0.7544036845507434,0.5127290215350613,0.13172067748860655,0.1763558108359965,0.9832937251749007,VALID,textvqa,1.0,VCPS-17D (Our Method),temperature_transfer
0.3494135610461235,34.941356104612346,0.34941356104612353,34.94135610461235,0.34351894436567604,0.25737886463695847,-0.09380461463695841,0.162384,0.03622012260153662,0.1313119578022395,0.8200315302000197,0.795225229353073,0.37038422629195733,0.2620169960805741,1.0,COLLAPSED,vizwiz-vqa,1.0,Naive Confidence (NC),temperature_transfer
0.3280483734137571,32.80483734137571,0.32737539011544997,32.737539011544996,0.32737488978545176,0.24015962848403805,-0.07658537848403799,0.162384,0.03794246960167115,0.11648932875924534,0.8200315302000197,0.6760007282695184,0.37038422629195733,0.11663908123514853,1.0,COLLAPSED,vizwiz-vqa,1.0,Temperature Scaling (TS),temperature_transfer
0.07032867093770073,7.032867093770073,0.06832262284084376,6.832262284084376,0.04556217089806873,0.1318361346828795,0.03173811531712056,0.162384,0.04442589675542404,0.013927849248208245,0.8200315302000197,0.41406509269249414,0.07791780847554032,0.20850140538506634,1.0,VALID,vizwiz-vqa,1.0,Platt Scaling (1D),temperature_transfer
0.03249050038958874,3.2490500389588743,0.046788229915446566,4.678822991544656,0.029425838936211157,0.12150545747312812,0.04206879252687194,0.162384,0.04500667431282195,0.0037621274324820546,0.8274460537984037,0.3860357408767684,0.06442078117456519,0.20112016381121955,0.9722027994769321,VALID,vizwiz-vqa,1.0,Trajectory LR,temperature_transfer
0.053022068364112405,5.302206836411241,0.058587669729600694,5.858766972960069,0.036560323266401136,0.11424782134805275,0.04932642865194731,0.162384,0.0540406839700822,0.006639111096004674,0.8410434525569022,0.3709776525883967,0.057343751176451234,0.19754674479121437,0.8773103513523022,VALID,vizwiz-vqa,1.0,Trajectory LR (No Bias),temperature_transfer
0.05669288636406761,5.669288636406761,0.057152011743475124,5.715201174347513,0.04169236449380503,0.1288516119900832,0.03472263800991687,0.162384,0.039666676466437505,0.006744670036966366,0.8203271258252044,0.3985203147783434,0.06626382159011811,0.20828269638836516,0.9999910719638593,VALID,vizwiz-vqa,1.0,Quadratic Platt (Logit-Only),temperature_transfer
0.09656288048028394,9.656288048028394,0.09656288048028389,9.656288048028388,0.09936070764301683,0.13987375665726245,0.023700493342737605,0.162384,0.03550515111390606,0.013011238532823828,0.8139964528524978,0.43241487213349594,0.07658954146206666,0.19548890505164596,0.9937372436693191,VALID,vizwiz-vqa,1.0,Spline Calibration (PCHIP),temperature_transfer
0.33165124221485,33.165124221485,0.32504316426334845,32.504316426334846,0.3250162987805691,0.23805008731218835,-0.07447583731218829,0.162384,0.040735775040793974,0.11682742017061426,0.8182086905113803,0.6729530456876519,0.3570032350872081,0.12747887111553274,0.9991540445755724,COLLAPSED,vizwiz-vqa,1.0,Adaptive TS (ATS),temperature_transfer
0.10263175822806629,10.263175822806629,0.1512940733841842,15.129407338418421,0.11604944232463643,0.1467894083743568,0.016784841625643254,0.162384,0.035478952552832274,0.021486091107666576,0.8281973593457483,0.4599251278410035,0.07799676459333968,0.04732145617008046,0.5656096928512895,VALID,vizwiz-vqa,1.0,MSSC (Multi-Scale Proxy),temperature_transfer
0.060939102096769504,6.093910209676951,0.06093557399509488,6.093557399509488,0.044167595555339244,0.1309229549809728,0.03265129501902725,0.162384,0.04335369576787072,0.012414240858137278,0.82067198738792,0.4110545358942506,0.07603199456040206,0.21104290197390596,0.999736862934821,VALID,vizwiz-vqa,1.0,Residual Calibrator,temperature_transfer
0.048607561079964286,4.860756107996429,0.058053631382588816,5.8053631382588815,0.040325264177864195,0.1281549671642839,0.03541928283571616,0.162384,0.03942817388699037,0.005894639938340416,0.8234062469208788,0.40364391959071166,0.06796054845592107,0.2035296970924862,0.999450205774433,VALID,vizwiz-vqa,1.0,VCPS-5D (Our Method),temperature_transfer
0.0568716293109499,5.687162931094989,0.06664928062583272,6.6649280625832725,0.04362763490629283,0.1299845722938619,0.03358967770613816,0.162384,0.0409012928716407,0.008870216668823079,0.8220760666075475,0.4086453107587343,0.07208750206639053,0.20535185845002185,0.9998388153475246,VALID,vizwiz-vqa,1.0,VCPS-17D (Our Method),temperature_transfer
0.08846862586039417,8.846862586039418,0.11882711260145246,11.882711260145246,0.08985823219828591,0.15896924830905415,0.03577071366521689,0.18511925952296188,0.0415073466504094,0.015726126697405203,0.7974686028257456,0.47852641595240153,0.09132059490941877,0.13576595144205691,1.0,VALID,pope,1.5,Naive Confidence (NC),temperature_transfer
0.09267664919341884,9.267664919341884,0.11452264176851404,11.452264176851404,0.049622704903185835,0.1530052691112213,0.04173469286304973,0.18511925952296188,0.04161105598129801,0.01179442541533848,0.7974686028257456,0.46242520220276406,0.09132059490941877,0.12904833940794933,1.0,VALID,pope,1.5,Temperature Scaling (TS),temperature_transfer
0.06323959609100484,6.323959609100484,0.10414414339843499,10.414414339843498,0.03679030143267179,0.15012177821294606,0.04461818376132498,0.18511925952296188,0.03996642452226868,0.005991633758152273,0.7974686028257456,0.45563094120061265,0.09034763560781871,0.14725110208123052,1.0,VALID,pope,1.5,Platt Scaling (1D),temperature_transfer
0.0465169681856641,4.6516968185664105,0.05888150050585603,5.888150050585603,0.03103675541989211,0.15096274272810234,0.0437772192461687,0.18511925952296188,0.03722758955829596,0.003699920503187844,0.7873822605965463,0.45661176523233227,0.0934196503507772,0.15670608335834285,0.9693455491168922,VALID,pope,1.5,Trajectory LR,temperature_transfer
0.05198115905821869,5.1981159058218696,0.08519127205152359,8.519127205152358,0.039394292244285825,0.1536076095140453,0.04113235246022573,0.18511925952296188,0.03780538457731488,0.007030934526740001,0.7854984301412873,0.4633314121011471,0.09552830898976206,0.13679912079162135,0.9623329962689487,VALID,pope,1.5,Trajectory LR (No Bias),temperature_transfer
0.05610768179671946,5.610768179671946,0.10712959084413508,10.712959084413507,0.039973889296543795,0.15042405402836165,0.044315907945909394,0.18511925952296188,0.03787100142557065,0.004534636328105495,0.7974686028257456,0.45610883614427644,0.09062673552509813,0.14345348059004262,1.0,VALID,pope,1.5,Quadratic Platt (Logit-Only),temperature_transfer
0.11756417736226037,11.756417736226037,0.14195685726053092,14.195685726053092,0.10454695791344924,0.16680791027633274,0.027932051697938304,0.18511925952296188,0.03703396252438438,0.020214422694082797,0.7974686028257456,0.4962877307175694,0.09133151246089473,0.10008047211966938,1.0,VALID,pope,1.5,Spline Calibration (PCHIP),temperature_transfer
0.07512998350241926,7.512998350241926,0.0999874142822437,9.99874142822437,0.05105188807074447,0.1532081602726481,0.041531801701622933,0.18511925952296188,0.03727260012409215,0.008214870181721153,0.7965266875981161,0.4622232322987013,0.09167485798170799,0.12866606414301984,0.9969972051777414,VALID,pope,1.5,Adaptive TS (ATS),temperature_transfer
0.04816040072732332,4.816040072732332,0.04816040072732332,4.816040072732332,0.051169735883253284,0.1789340942588275,0.01580586771544354,0.18511925952296188,0.009235815803989536,0.0030506505398551083,0.6189364207221351,0.5366242172724938,0.18135200356047765,0.0639492654226247,0.4065635993924588,VALID,pope,1.5,MSSC (Multi-Scale Proxy),temperature_transfer
0.05952896463885774,5.952896463885774,0.09595395254991705,9.595395254991706,0.03982451715142148,0.15026011724615465,0.04447984472811639,0.18511925952296188,0.03793391816824033,0.005224733491189479,0.7973901098901098,0.4557561993585813,0.09053926955375233,0.14528488155477634,0.9991937244455181,VALID,pope,1.5,Residual Calibrator,temperature_transfer
0.059353654396751464,5.935365439675146,0.08864981497776984,8.864981497776984,0.03826718206407183,0.1499503728827165,0.04478958909155453,0.18511925952296188,0.03865866383182884,0.005091759650806063,0.7964481946624803,0.45435111695862374,0.0905279911025114,0.1494842050972868,0.9965540003698856,VALID,pope,1.5,VCPS-5D (Our Method),temperature_transfer
0.05130518639301105,5.130518639301105,0.07827492003159758,7.827492003159758,0.036670708111579506,0.14974710301051775,0.044992858963753296,0.18511925952296188,0.03782761908477586,0.0036684639956988917,0.7979003139717427,0.4544233067595252,0.09006502706772256,0.1483490396578755,0.9988200788227767,VALID,pope,1.5,VCPS-17D (Our Method),temperature_transfer
0.17131797659515158,17.131797659515158,0.1724698342899285,17.24698342899285,0.17125809038194914,0.22596909440973786,0.01005130532826376,0.23588373688854034,0.047574177887568264,0.03954113290910548,0.7728571428571429,0.6969664783831123,0.1707947828448264,0.2113289123324524,0.9999999999999999,VALID,scienceqa,1.5,Naive Confidence (NC),temperature_transfer
0.11592693104042277,11.592693104042278,0.1402616186395567,14.02616186395567,0.10213055031075269,0.19929533996456542,0.03672505977343621,0.23588373688854034,0.05228925050940049,0.017369941308199268,0.7728571428571429,0.5827003769664199,0.1707947828448264,0.10692915207954998,0.9999999999999999,VALID,scienceqa,1.5,Temperature Scaling (TS),temperature_transfer
0.1269986844276915,12.69986844276915,0.13643987091839016,13.643987091839016,0.1270114602029061,0.20249732680766294,0.03352307293033868,0.23588373688854034,0.05276294666749689,0.020140429868968995,0.7728571428571429,0.5901108643111594,0.18609786280469442,0.19171829120797027,0.9999999999999999,VALID,scienceqa,1.5,Platt Scaling (1D),temperature_transfer
0.1326058846086943,13.26058846086943,0.15217522340692285,15.217522340692286,0.13169273435703216,0.20160406911406706,0.034416330623934566,0.23588373688854034,0.05332194356590784,0.02073277369896214,0.7735064935064936,0.5870781600215418,0.18696098912198647,0.1944540668495654,0.9207613234441723,VALID,scienceqa,1.5,Trajectory LR,temperature_transfer
0.08293250952532068,8.293250952532068,0.08586793339790984,8.586793339790983,0.07043423073559735,0.19408799126652543,0.041932408471476196,0.23588373688854034,0.05184911887249598,0.010692347626254591,0.7650129870129869,0.5701831590156596,0.16138022248204245,0.14036657487617055,0.8719328177648203,VALID,scienceqa,1.5,Trajectory LR (No Bias),temperature_transfer
0.1256066703405758,12.560667034057579,0.15296408122918287,15.296408122918287,0.12560716484587497,0.20958050366053807,0.026439896077463554,0.23588373688854034,0.049171310655353725,0.023743663610559452,0.7652987012987013,0.606169408658266,0.19370547267538357,0.14243802451793283,0.9732417575918054,VALID,scienceqa,1.5,Quadratic Platt (Logit-Only),temperature_transfer
0.06031975771448793,6.031975771448793,0.07758798583260242,7.7587985832602415,0.03654972113109849,0.1862704440691533,0.04974995566884832,0.23588373688854034,0.05261331163104821,0.00434347717238253,0.7729090909090909,0.539174002886601,0.1547938516422275,0.20589249406228907,0.9999770696672644,VALID,scienceqa,1.5,Spline Calibration (PCHIP),temperature_transfer
0.11296132274106761,11.29613227410676,0.1284497618671048,12.84497618671048,0.10169324137640563,0.19836699039466094,0.03765340934334069,0.23588373688854034,0.05314613671232286,0.01655617893402244,0.7739480519480519,0.5803153039220483,0.17009701370881042,0.1084624050651798,0.9985393742021017,VALID,scienceqa,1.5,Adaptive TS (ATS),temperature_transfer
0.10935240373765749,10.93524037376575,0.10935240373765749,10.93524037376575,0.08884041672592255,0.20297772607940473,0.033042673658596894,0.23588373688854034,0.04714863741705473,0.014266061425366808,0.7488441558441558,0.5955860434703226,0.18247207181235975,0.11955932308197582,0.7292671147196321,VALID,scienceqa,1.5,MSSC (Multi-Scale Proxy),temperature_transfer
0.12697353904759498,12.697353904759497,0.12697353904759492,12.697353904759492,0.12698541238177005,0.2011404986212049,0.03487990111679673,0.23588373688854034,0.05296624907789566,0.01902609740661023,0.7761038961038962,0.5869841544262113,0.18061718977172816,0.18788699508898482,0.993824279036671,VALID,scienceqa,1.5,Residual Calibrator,temperature_transfer
0.12781360692460922,12.781360692460922,0.12984734766270836,12.984734766270837,0.12783916057503694,0.20065313048308395,0.03536726925491768,0.23588373688854034,0.05415617711333206,0.01929117502054484,0.7768571428571429,0.5854219704710902,0.1802258228228187,0.1927045713796842,0.9940151831560327,VALID,scienceqa,1.5,VCPS-5D (Our Method),temperature_transfer
0.12907496630105286,12.907496630105285,0.13464876873845216,13.464876873845217,0.12909005272112234,0.20229428688272125,0.03372611285528038,0.23588373688854034,0.054948889638380564,0.021662330077484363,0.7758181818181817,0.5894900219071425,0.18375114935567927,0.1916175535713852,0.9986687667939663,VALID,scienceqa,1.5,VCPS-17D (Our Method),temperature_transfer
0.3346645300239325,33.46645300239325,0.3346645300239325,33.46645300239325,0.31637554546213553,0.2936626115250257,-0.11089236152502571,0.156364,0.015336258108360628,0.15281038222899385,0.7066844030595277,0.9174360894281309,0.46409236285974687,0.3061695953613568,1.0,COLLAPSED,textvqa,1.5,Naive Confidence (NC),temperature_transfer
0.31335445469712486,31.335445469712486,0.31176121220844544,31.176121220844543,0.3117615481151128,0.24723594706971697,-0.06446569706971697,0.156364,0.00965131182795699,0.10224432475404593,0.7066844030595277,0.6876530068001327,0.46409236285974687,0.03591163393706013,1.0,COLLAPSED,textvqa,1.5,Temperature Scaling (TS),temperature_transfer
0.08295494260124357,8.295494260124357,0.09461080210490846,9.461080210490847,0.07463897137156073,0.15181659254309396,0.030953657456906036,0.156364,0.013544368473911505,0.009290208449431672,0.7066844030595277,0.4748158898703666,0.09084550801444988,0.09905579551151096,1.0,VALID,textvqa,1.5,Platt Scaling (1D),temperature_transfer
0.04751007069732059,4.751007069732059,0.05707851527989482,5.707851527989482,0.03190248709183249,0.11939808126005093,0.06337216873994907,0.156364,0.04454605261181837,0.00744693383415698,0.8157888004911616,0.3859540871782875,0.06268135717544729,0.18093840867830607,0.8671649406597627,VALID,textvqa,1.5,Trajectory LR,temperature_transfer
0.04481321336109536,4.481321336109536,0.0613629882089263,6.13629882089263,0.03996520084984809,0.11518070856597601,0.06758954143402399,0.156364,0.046080701561764206,0.0050066167156685125,0.8190887928167608,0.3787129852149642,0.06800776508068604,0.18249734987677532,0.7705751143004571,VALID,textvqa,1.5,Trajectory LR (No Bias),temperature_transfer
0.07301008308204592,7.301008308204591,0.08898531631458845,8.898531631458845,0.07452088446425154,0.15388585357210877,0.02888439642789123,0.156364,0.012993092806834671,0.011187800677296005,0.7066844030595277,0.4664095902647584,0.09724067048454815,0.16320729291408997,1.0,VALID,textvqa,1.5,Quadratic Platt (Logit-Only),temperature_transfer
0.15631006370421352,15.631006370421352,0.1563100637042135,15.63100637042135,0.15641959776459,0.170082136778383,0.012688113221617003,0.156364,0.014744361681430692,0.02852794968571462,0.706556496380241,0.5101893232494118,0.12416207326596411,0.16354892251881722,0.9999804157298917,VALID,textvqa,1.5,Spline Calibration (PCHIP),temperature_transfer
0.31582493943690026,31.582493943690025,0.3135250580619683,31.352505806196827,0.3136184932941917,0.24730744939027954,-0.06453719939027955,0.156364,0.011899296058057068,0.10438852131538688,0.7149215932055972,0.6878007675831104,0.4555917908381152,0.039376183350059574,0.9993653414613657,COLLAPSED,textvqa,1.5,Adaptive TS (ATS),temperature_transfer
0.15633292327115278,15.633292327115278,0.17344287280476162,17.344287280476163,0.16214477424296245,0.14989150737531493,0.03287874262468507,0.156364,0.03746434093359792,0.03183554451608083,0.7917295541173159,0.47905027943378137,0.09504845172424548,0.04305227734700946,0.34390834031617534,VALID,textvqa,1.5,MSSC (Multi-Scale Proxy),temperature_transfer
0.0685774243372356,6.85774243372356,0.08236993576781054,8.236993576781055,0.061740232164256614,0.13984548189879728,0.042924768101202715,0.156364,0.02481013115563631,0.008624807450410589,0.7501470926811799,0.4435185660876963,0.08042101170888206,0.11744047373738994,0.9841748166992667,VALID,textvqa,1.5,Residual Calibrator,temperature_transfer
0.0581130495278694,5.81130495278694,0.07884846279693115,7.884846279693115,0.055242165704440925,0.13651744634615393,0.04625280365384607,0.156364,0.024641961011283367,0.005872313901936148,0.758154050804533,0.4361984151363586,0.0786976230188745,0.11504299665520619,0.979564590258361,VALID,textvqa,1.5,VCPS-5D (Our Method),temperature_transfer
0.06450369592314344,6.450369592314344,0.08183317847957904,8.183317847957904,0.06093316656348228,0.14073668369370973,0.042033566306290265,0.156364,0.022387402599317582,0.006437375047105313,0.7374843314317874,0.44737851444744775,0.08468618863255231,0.10952346810250281,0.9867279469117877,VALID,textvqa,1.5,VCPS-17D (Our Method),temperature_transfer
0.24387034706771368,24.387034706771367,0.2438703470677138,24.38703470677138,0.2451981418123127,0.1612654101275461,-0.026979160127546087,0.12609599999999999,0.03371877844932808,0.06779116252408607,0.863564268493846,0.5018499765509076,0.15043902672726142,0.2410871567566147,1.0,COLLAPSED,vizwiz-vqa,1.5,Naive Confidence (NC),temperature_transfer
0.3119948675786479,31.19948675786479,0.3119948675786479,31.19948675786479,0.3119948675786534,0.2008455063270714,-0.06655925632707138,0.12609599999999999,0.03267765933307925,0.10707153508003074,0.863564268493846,0.5929161311778932,0.15043902672726142,0.09380810741199763,1.0,COLLAPSED,vizwiz-vqa,1.5,Temperature Scaling (TS),temperature_transfer
0.07658346376925848,7.658346376925848,0.0657729289365474,6.57729289365474,0.05244357226509152,0.10108736810806375,0.033198881891936274,0.12609599999999999,0.0346532087084955,0.01057350157286117,0.863564268493846,0.3238192029086692,0.03479413875382222,0.11711848389408981,1.0,VALID,vizwiz-vqa,1.5,Platt Scaling (1D),temperature_transfer
0.06526620809640468,6.526620809640468,0.07108886612703808,7.108886612703808,0.05745076040765104,0.10219035096639677,0.032095899033603256,0.12609599999999999,0.03469542675720962,0.010865990028955871,0.8690204288795839,0.3249493263770176,0.03410180917186454,0.10517363975019736,0.9781011593534931,VALID,vizwiz-vqa,1.5,Trajectory LR,temperature_transfer
0.06343815018616834,6.3438150186168345,0.07225278004825715,7.225278004825715,0.06292573277953188,0.09998685579124518,0.034299394208754844,0.12609599999999999,0.0380166057269641,0.011904684606264187,0.8356490293110012,0.334062877726681,0.046035776421104395,0.11747314924245114,0.7923357993753158,VALID,vizwiz-vqa,1.5,Trajectory LR (No Bias),temperature_transfer
0.0464413668955259,4.64413668955259,0.04489194259611787,4.489194259611787,0.03891469470341152,0.09841083744157456,0.03587541255842547,0.12609599999999999,0.03506844231025742,0.007211236316074846,0.863564268493846,0.3096555635136247,0.03468583463965161,0.1397293977809262,1.0,VALID,vizwiz-vqa,1.5,Quadratic Platt (Logit-Only),temperature_transfer
0.06784200081864633,6.784200081864633,0.05317879007793026,5.317879007793026,0.06008833771959188,0.09935832370370115,0.03492792629629887,0.12609599999999999,0.032727777057015045,0.007273959129499932,0.8631518842786449,0.3234230834650742,0.035578873880330514,0.17042125685766152,0.9995577244062138,VALID,vizwiz-vqa,1.5,Spline Calibration (PCHIP),temperature_transfer
0.30230348043215227,30.230348043215226,0.3023034804321523,30.230348043215233,0.3023034804321572,0.1934143115119409,-0.05912806151194089,0.12609599999999999,0.03543097171358329,0.10183989857661219,0.8629298312396905,0.576818520303154,0.134196793439425,0.10654795953428722,0.9994194856500778,COLLAPSED,vizwiz-vqa,1.5,Adaptive TS (ATS),temperature_transfer
0.10240962478508424,10.240962478508424,0.13061276216221893,13.061276216221893,0.1166403168514952,0.11664632756140787,0.01763992243859215,0.12609599999999999,0.027445019607843138,0.019486532633718162,0.8590121811952798,0.38905773465408494,0.04243667154488215,0.03360683727430983,0.5532053037221932,VALID,vizwiz-vqa,1.5,MSSC (Multi-Scale Proxy),temperature_transfer
0.06702163843810634,6.7021638438106335,0.06103844679337104,6.1038446793371035,0.05135933197748411,0.10075767121721359,0.033528578782786436,0.12609599999999999,0.03280247585275244,0.008915123132355748,0.8636594340819693,0.3220884965705589,0.034758676902059076,0.11783527726238512,0.9997668150560672,VALID,vizwiz-vqa,1.5,Residual Calibrator,temperature_transfer
0.06768242153272229,6.768242153272229,0.0673607186875863,6.736071868758629,0.05443556711336286,0.10088212575768972,0.033404124242310304,0.12609599999999999,0.031992555567199404,0.00803402630397864,0.8646428118259105,0.3243025669676104,0.034544923274508386,0.10950173119241254,0.9996941427618898,VALID,vizwiz-vqa,1.5,VCPS-5D (Our Method),temperature_transfer
0.06919622871858773,6.919622871858773,0.0651579617346323,6.51579617346323,0.053519206086596806,0.1010875542024768,0.03319869579752323,0.12609599999999999,0.03301927709869855,0.008968772854773144,0.8640718182971704,0.3243207204714373,0.034659694313883056,0.11328803272381413,0.9998446713712298,VALID,vizwiz-vqa,1.5,VCPS-17D (Our Method),temperature_transfer
