ece,ece_percent,adaptive_ece,adaptive_ece_percent,kde_ece,brier,brier_gain,murphy_uncertainty,murphy_resolution,murphy_reliability,auroc,nll,aurc,prob_std,spearman_rho,status,dataset,method
0.41798912509190833,41.798912509190835,0.4179891250919083,41.79891250919083,0.41224892116630496,0.41799076278106395,-0.17471476278106393,0.24327600000000002,0.0,0.17471490869509898,0.5978230487183281,5.604019281913084,0.3452196420558608,3.97977070908984e-05,1.0,COLLAPSED,ai2d,Naive Confidence (NC)
0.08563798227600211,8.563798227600211,0.09375854045585637,9.375854045585637,0.08422087039647448,0.24740113457961663,-0.004125134579616607,0.24327600000000002,0.006064700260046125,0.010695120737566413,0.5978230487183281,0.6884761722716373,0.3452196420558608,0.023065662950338135,1.0,COLLAPSED,ai2d,Temperature Scaling (TS)
0.0349066025993644,3.49066025993644,0.0519179939888838,5.19179939888838,0.037408043575669944,0.23941953769659052,0.003856462303409497,0.24327600000000002,0.006577820485863041,0.0037675601250303694,0.5978230487183281,0.6717501221829336,0.36362555714347267,0.11045721420603616,1.0,VALID,ai2d,Platt Scaling (1D)
0.031402587784015216,3.1402587784015217,0.05104185857985115,5.104185857985115,0.03693296550461507,0.23825014452201396,0.005025855477986063,0.24327600000000002,0.00863480398488972,0.002333548515063814,0.5978230487183281,0.6691896061039118,0.350613148732485,0.12023846091008443,1.0,VALID,ai2d,Quadratic Platt (Logit-Only)
0.03493453048914119,3.493453048914119,0.05193332268032617,5.193332268032616,0.037430784580874746,0.23942300137080133,0.0038529986291986895,0.24327600000000002,0.006577820485863041,0.0037712163169895258,0.5978230487183281,0.6717581040038925,0.36362555714347267,0.1104976719164636,1.0,VALID,ai2d,Beta Calibration
0.007399538180910447,0.7399538180910447,0.07682604713630148,7.682604713630148,0.015813345646933655,0.24332171869967031,-4.571869967029407e-05,0.24327600000000002,0.00046036213991769524,0.0011502313281588116,0.597814827603216,0.6797091503840947,0.3526481219606566,0.02437501176622412,0.9999999758417866,COLLAPSED,ai2d,Spline Calibration
0.0854471410719342,8.54471410719342,0.10147658872504564,10.147658872504564,0.08394671420485114,0.24728884276252472,-0.004012842762524699,0.24327600000000002,0.005883388273882738,0.010507418467480616,0.605287821240073,0.6882222981780012,0.3260839606089403,0.02316364164858372,0.996761325456346,COLLAPSED,ai2d,Adaptive TS (ATS)
6.009524834704738e-05,0.006009524834704738,0.07908345644461089,7.908345644461089,0.008270313294268455,0.24327603953036994,-3.953036992188075e-08,0.24327600000000002,0.0,3.611438873893301e-09,0.49371906805439086,0.6796383208474047,0.45038381945687855,2.576681628265939e-06,0.27705610902602196,COLLAPSED,ai2d,Probability Margin (1D)
0.01304795292026261,1.304795292026261,0.04731742906278861,4.7317429062788605,0.02710256585595136,0.23204500759742938,0.011230992402570639,0.24327600000000002,0.0115581725009022,0.00038610281210894057,0.6051562833982801,0.6566276148334471,0.37946715966424777,0.10149794753539212,0.24429812580855914,VALID,ai2d,MSSC (Multi-Scale Proxy)
1.0357934795202084e-05,0.0010357934795202084,0.07609674577130633,7.609674577130633,1.0357934795202084e-05,0.24327600010728656,-1.0728654076253008e-10,0.24327600000000002,0.0,1.0728681322165804e-10,0.46971341192719385,0.6796382398275949,0.42561771137847354,9.335911557727144e-15,1.0,COLLAPSED,ai2d,MSE-EIGEN (Multi-Scale)
0.05348065074660777,5.348065074660777,0.08365306523446475,8.365306523446476,0.042230110721906314,0.2372803318046183,0.00599566819538172,0.24327600000000002,0.010213017610117378,0.005789907090444798,0.6122675479702067,0.6670457241972975,0.3438499325396565,0.11442908006186775,0.9871501461712436,VALID,ai2d,Residual Calibrator
0.07021472817655837,7.0214728176558365,0.08729690550681414,8.729690550681415,0.05432957941061421,0.23089991600396298,0.01237608399603704,0.24327600000000002,0.023316949204144736,0.01107402380179944,0.645332872950887,0.653535027623014,0.30710437091288373,0.13423342126092164,0.8276120828977559,VALID,ai2d,Trajectory LR
0.043819569996372904,4.38195699963729,0.08937136495774366,8.937136495774366,0.046438779273085574,0.23338943188307024,0.009886568116929784,0.24327600000000002,0.011784331002331002,0.0032640989680013904,0.6347440766865617,0.659109149661568,0.30457836648294856,0.07027653939427933,0.4000024671870704,VALID,ai2d,Trajectory LR (No Bias)
0.07023623377084734,7.023623377084734,0.09526135188341141,9.52613518834114,0.05429792137463832,0.23088681599500063,0.012389184004999387,0.24327600000000002,0.023316949204144736,0.011067397953235534,0.6452424406846545,0.6535067494048397,0.307236126757167,0.1341232027955829,0.8273125495317448,VALID,ai2d,Trajectory Platt (5D)
0.0756552437543869,7.56552437543869,0.09377020466327668,9.377020466327668,0.05570710767165211,0.23130366014911902,0.011972339850881003,0.24327600000000002,0.021758604517368534,0.009741723614146769,0.6436146598924677,0.654368694958269,0.3094777483947431,0.13608343128866193,0.8370522334750141,VALID,ai2d,Trajectory Platt (17D)
0.05763187666740331,5.763187666740331,0.11355659278986306,11.355659278986305,0.05713711956624861,0.23214909550871435,0.011126904491285672,0.24327600000000002,0.018252484736463365,0.008232759659367088,0.6371610845295055,0.6560122009424951,0.31200724985195893,0.1326399767228201,0.9001945391387999,VALID,ai2d,VCPS-5D (Our Method)
0.06715147702969544,6.715147702969544,0.09574607136379848,9.574607136379848,0.055638936076090544,0.23232979092103445,0.010946209078965569,0.24327600000000002,0.018890432386934403,0.007546023741548201,0.636741807658791,0.6563685978661176,0.30259278538609663,0.13533451443804803,0.8807636831051591,VALID,ai2d,VCPS-17D (Our Method)
0.707028782710433,70.7028782710433,0.707028782710433,70.7028782710433,0.6612785053941574,0.6077089198754193,-0.5258079198754193,0.0819,0.0055392632892632895,0.5324287462833108,0.8349694749694749,2.9086345140134884,0.7590341303155799,0.23981796538534275,1.0,COLLAPSED,chartqa,Naive Confidence (NC)
0.45447646257919544,45.447646257919544,0.450678799212151,45.067879921215095,0.45239042881000724,0.2775349475496193,-0.19563394754961932,0.0819,0.012112365591397849,0.20910417717276786,0.8349694749694749,0.7486507332525683,0.7590341303155799,0.04152706987456394,1.0,COLLAPSED,chartqa,Temperature Scaling (TS)
0.029624544103183027,2.9624544103183026,0.023548112779570647,2.3548112779570647,0.024624935120426343,0.06848483958623462,0.01341616041376538,0.0819,0.017165485527240492,0.003992229717014883,0.8349694749694749,0.2372306402251912,0.023082025526363355,0.12537058093997985,1.0,VALID,chartqa,Platt Scaling (1D)
0.03127016780761052,3.127016780761052,0.02143687354195043,2.143687354195043,0.02310055580041788,0.06814030489941446,0.013760695100585543,0.0819,0.01821215729370092,0.005004461749279088,0.8349694749694749,0.2359506880680576,0.023226543813740497,0.11868703028082925,1.0,VALID,chartqa,Quadratic Platt (Logit-Only)
0.023345125965864365,2.3345125965864364,0.025088597124249084,2.5088597124249086,0.02498155533577834,0.0686720240468828,0.0132289759531172,0.0819,0.018626414403762417,0.006234705153157616,0.8349694749694749,0.238112966962438,0.023086602189151872,0.1278574794597945,1.0,VALID,chartqa,Beta Calibration
0.02679348220677382,2.679348220677382,0.03799577188938273,3.7995771889382732,0.025402228261135994,0.07120638858134949,0.01069461141865051,0.0819,0.012900854393937518,0.002659553087414944,0.8276678876678877,0.24538948462292992,0.022980655567690973,0.0884916986601071,0.9664688694356486,VALID,chartqa,Spline Calibration
0.45431135272002576,45.43113527200258,0.4505051773516755,45.05051773516755,0.4521996753724604,0.2774013291463214,-0.19550032914632137,0.0819,0.012523557265463156,0.2092636704588598,0.8349694749694749,0.748377342648476,0.7590011257340211,0.041363747813557186,0.9999999039995978,COLLAPSED,chartqa,Adaptive TS (ATS)
0.005077797070854374,0.5077797070854374,0.08546454625119917,8.546454625119917,0.009739005549153239,0.08141006429454814,0.0004909357054518615,0.0819,0.0004805084745762711,6.26820356571431e-05,0.5165811965811966,0.29826049947946864,0.064041403645873,0.015362129355603639,-0.25492481914816784,COLLAPSED,chartqa,Probability Margin (1D)
0.01660061240986263,1.6600612409862632,0.03349656801676018,3.349656801676018,0.012967877516969543,0.07947947896767069,0.0024215210323293157,0.0819,0.0027967274863501283,0.00033559914358628025,0.6594871794871795,0.2890491179401107,0.06315857367843733,0.035568039057345555,0.23862981761610996,VALID,chartqa,MSSC (Multi-Scale Proxy)
0.0012089562890017919,0.12089562890017919,0.0831927459218682,8.31927459218682,0.0018547132939784447,0.08171925322856467,0.0001817467714353288,0.0819,0.0,1.461575308716984e-06,0.7885225885225885,0.30140889143121374,0.036328860679374915,0.0023967942943634597,0.6356848110214232,COLLAPSED,chartqa,MSE-EIGEN (Multi-Scale)
0.0311385174634126,3.1138517463412603,0.028185931454678334,2.8185931454678332,0.02482424609532552,0.06846201460101278,0.013438985398987219,0.0819,0.018570473379755557,0.005404518919192096,0.8350671550671551,0.2371796926610087,0.02312870890734385,0.12600976861069124,0.9998233352721441,VALID,chartqa,Residual Calibrator
0.033950517540857365,3.3950517540857366,0.032748923851772985,3.2748923851772984,0.029544753309969154,0.06844638064601617,0.01345461935398383,0.0819,0.017994910019607107,0.004816222840855521,0.8276923076923077,0.23841881497262898,0.024786615890700504,0.12942914330274255,0.9815571480154524,VALID,chartqa,Trajectory LR
0.06029990248860878,6.029990248860878,0.06115623213315483,6.115623213315483,0.06539242954777917,0.09060819285765521,-0.008707192857655213,0.0819,0.00353982461982462,0.012175881435974522,0.6520634920634919,0.31777046213006327,0.05298771794367995,0.13719016138790446,0.6180974905616627,COLLAPSED,chartqa,Trajectory LR (No Bias)
0.034111468678340306,3.411146867834031,0.032665726741775876,3.2665726741775876,0.02942314261428101,0.06841858290559509,0.013482417094404911,0.0819,0.018728243352940443,0.005623019121749212,0.8274969474969475,0.2384080859813265,0.02482245058862957,0.12883405293158143,0.9812698188316561,VALID,chartqa,Trajectory Platt (5D)
0.030706569029483946,3.0706569029483948,0.03546033149817959,3.5460331498179594,0.028736254592112494,0.06855067341085593,0.013350326589144076,0.0819,0.01656332445086703,0.003924342666708289,0.8254456654456654,0.2392465279083258,0.026027248593012503,0.13194499048277575,0.8180398663242513,VALID,chartqa,Trajectory Platt (17D)
0.032830059657569945,3.2830059657569945,0.02032300877414825,2.032300877414825,0.025400783736074205,0.06834949014000895,0.013551509859991054,0.0819,0.01927312988572124,0.005677408356637886,0.8360439560439561,0.23696322138628884,0.02306907543613719,0.12791589579214827,0.9993860534705429,VALID,chartqa,VCPS-5D (Our Method)
0.02672244107861302,2.6722441078613017,0.022213590687237578,2.221359068723758,0.024994317331964246,0.06816191361925206,0.013739086380747945,0.0819,0.018701154075054415,0.005500795344722841,0.8383394383394384,0.23637757073275206,0.022725109088019776,0.12897150395538523,0.9971667163268738,VALID,chartqa,VCPS-17D (Our Method)
0.735183608904481,73.5183608904481,0.7351836089044809,73.5183608904481,0.6795009144182066,0.6320251236964234,-0.5899611236964234,0.042064,0.0012897320057919759,0.5914127974851515,0.7320273868391024,2.7480289644975375,0.8780237997308543,0.25345840562737526,1.0,COLLAPSED,docvqa,Naive Confidence (NC)
0.48855504455470633,48.85550445547063,0.48855504455470633,48.85550445547063,0.48855504448509757,0.2795691028319551,-0.23750510283195508,0.042064,0.0010976877899772342,0.23870216543359754,0.7320273868391024,0.7526883033028509,0.8780237997308543,0.03329320762520795,1.0,COLLAPSED,docvqa,Temperature Scaling (TS)
0.017979936944937495,1.7979936944937496,0.0238725788020795,2.38725788020795,0.016824489839258324,0.04179610350973798,0.00026789649026202206,0.042064,0.001111933112638995,0.001250321054872694,0.7320273868391024,0.1693607067730231,0.01665169665849711,0.055669579412230365,1.0,COLLAPSED,docvqa,Platt Scaling (1D)
0.02105325541170887,2.105325541170887,0.022973024479382695,2.2973024479382693,0.016873175786032504,0.04136027082277675,0.0007037291772232571,0.042064,0.0006413312286992408,0.0008230478573745643,0.7320273868391024,0.16799548467509087,0.01665169665849711,0.05109779376019765,1.0,COLLAPSED,docvqa,Quadratic Platt (Logit-Only)
0.019784009986869192,1.9784009986869193,0.02226269260212794,2.226269260212794,0.01607185119603061,0.0415033354972061,0.0005606645027939061,0.042064,0.001398199134199134,0.001599908299468257,0.7320273868391024,0.16750856416156648,0.01665169665849711,0.05271573497843792,1.0,COLLAPSED,docvqa,Beta Calibration
0.01277243610976709,1.277243610976709,0.019270667621286902,1.9270667621286903,0.012096714907382788,0.041005433474353155,0.0010585665256468493,0.042064,0.0004915491949910555,0.00019982015979805608,0.7320273868391024,0.166483591132708,0.01665169665849711,0.03966228296978476,1.0,VALID,docvqa,Spline Calibration
0.48841667620855267,48.84166762085527,0.4884166762085526,48.84166762085526,0.48841667613105066,0.27943426014459033,-0.23737026014459034,0.042064,0.0010976877899772342,0.23856787789007175,0.7320273868391024,0.7524133050189562,0.8779741444653344,0.03315694996294004,0.99999951999808,COLLAPSED,docvqa,Adaptive TS (ATS)
0.00023979723225765748,0.023979723225765748,0.03221322807627269,3.2213228076272693,0.007269181479281164,0.04203279120215245,3.12087978475567e-05,0.042064,0.0,5.750271259843292e-08,0.4390452643590718,0.18002729959421432,0.043221335351723386,0.002561265817407386,-0.23341929513271426,COLLAPSED,docvqa,Probability Margin (1D)
0.009988116418942507,0.9988116418942508,0.029275953031311627,2.9275953031311626,0.01146340936492777,0.04213329343035555,-6.929343035554786e-05,0.042064,7.232571834704031e-05,0.0001998863647309161,0.5839672879421833,0.18033863276588066,0.03175691301328647,0.023133673862965155,0.04589543427282387,COLLAPSED,docvqa,MSSC (Multi-Scale Proxy)
0.00010046157204409573,0.010046157204409573,0.026845489051901775,2.6845489051901774,0.007722789666718212,0.042054033986972314,9.96601302769018e-06,0.042064,0.0,1.0092527457571036e-08,0.5558197033092431,0.18033101045525343,0.03650427526185158,0.0011464007445733124,0.38467257869031474,COLLAPSED,docvqa,MSE-EIGEN (Multi-Scale)
0.018706888991437402,1.8706888991437403,0.024198301587320264,2.4198301587320263,0.0170195101611416,0.04177425600629317,0.0002897439937068341,0.042064,0.0011274957259322742,0.0013926892694168325,0.7316470140737923,0.1691616320265993,0.0167723692279909,0.05669085371874678,0.9996535346141384,COLLAPSED,docvqa,Residual Calibrator
0.02064201344960217,2.064201344960217,0.029398414427042635,2.9398414427042634,0.0257788378863786,0.040949529037361806,0.0011144709626381977,0.042064,0.005061124915310487,0.004110366981964146,0.7369722327881324,0.1672634700739087,0.018952560840577958,0.06616593609804403,0.8875211500846003,VALID,docvqa,Trajectory LR
0.03729043183731105,3.7290431837311053,0.05360276425335776,5.360276425335776,0.042812875449941515,0.04693045228503881,-0.004866452285038805,0.042064,0.00030303133903133897,0.0048571668336948905,0.5658995815899581,0.20205450743874256,0.0330188527564444,0.07305105778468007,0.3496055584222337,COLLAPSED,docvqa,Trajectory LR (No Bias)
0.02035138386301696,2.035138386301696,0.02927664674073458,2.927664674073458,0.025646521313816513,0.04091909692831964,0.0011449030716803657,0.042064,0.005061124915310487,0.004075356321704601,0.7371624191707874,0.16711217172962553,0.01894268086475018,0.06553006693522993,0.8860757683030732,VALID,docvqa,Trajectory Platt (5D)
0.01698813168494962,1.6988131684949621,0.022796147226123144,2.2796147226123145,0.02339147690547985,0.040959248132870496,0.0011047518671295081,0.042064,0.003787069403714565,0.002831069960256835,0.742202358311145,0.16745030435805552,0.02074147464055552,0.06937821858690897,0.767445309781239,VALID,docvqa,Trajectory Platt (17D)
0.020085814597341076,2.0085814597341076,0.02534315843527597,2.534315843527597,0.018270156220688043,0.04178578414464401,0.0002782158553559927,0.042064,0.0015954359982203725,0.001868489563088627,0.7370673259794599,0.16863965780718643,0.01653481741943772,0.06297074437672495,0.9981823287293148,COLLAPSED,docvqa,VCPS-5D (Our Method)
0.02173160705848262,2.1731607058482623,0.031135150218295278,3.113515021829528,0.01872556095655339,0.041778075763061875,0.00028592423693812874,0.042064,0.0018043667830926373,0.001993163424239138,0.7394446557626474,0.16808848874887214,0.01659541009216111,0.06729932458163022,0.9942406489625959,COLLAPSED,docvqa,VCPS-17D (Our Method)
0.3253560257520546,32.53560257520546,0.3242636335458626,32.42636335458626,0.3234329383803959,0.3221379266117762,-0.10036167661177617,0.221776,0.005878249488752559,0.10683776895652504,0.6854844527811846,3.137617890497594,0.23341603768362454,0.05381805742421909,1.0,COLLAPSED,gqa,Naive Confidence (NC)
0.08242077825964814,8.242077825964813,0.09899974898415456,9.899974898415456,0.07795455524932729,0.2075669846224552,0.014209265377544827,0.221776,0.023901849014768512,0.01072394643378971,0.6854844527811846,0.6030779124332147,0.23341603768362454,0.06301700462509918,1.0,VALID,gqa,Temperature Scaling (TS)
0.04081702576796363,4.081702576796363,0.06698896294961457,6.6988962949614566,0.040156454001289046,0.19881964283238643,0.022956607167613607,0.221776,0.026960902755316145,0.002913491825336708,0.6854844527811846,0.5848061190915641,0.22904131252608104,0.14470613550422548,1.0,VALID,gqa,Platt Scaling (1D)
0.04226904882442498,4.226904882442498,0.06688929886291499,6.688929886291499,0.04007749682978458,0.19879954744490028,0.02297670255509976,0.221776,0.026673025056912134,0.0029894023140753577,0.6854844527811846,0.5847393744013404,0.22902485866799038,0.14473174883339898,1.0,VALID,gqa,Quadratic Platt (Logit-Only)
0.0419808288682872,4.19808288682872,0.06671831409795853,6.671831409795853,0.039739625844660134,0.19888413934764493,0.022892110652355108,0.221776,0.027254201233043344,0.003344914329575718,0.6854844527811846,0.5850105187340814,0.22901625175203352,0.1444236118318656,1.0,VALID,gqa,Beta Calibration
0.06736870911574852,6.736870911574852,0.06439321454394863,6.439321454394863,0.04851863861285997,0.20007981896399119,0.02169643103600885,0.221776,0.02756593998475802,0.005614512828313243,0.6849974749296588,0.5873443242154299,0.23254467500223172,0.09910706102240922,0.9999627873205351,VALID,gqa,Spline Calibration
0.09824517447648128,9.824517447648127,0.10963290083481714,10.963290083481713,0.08003441009887405,0.20592785901708482,0.01584839098291521,0.221776,0.030712012513346,0.015332140675951624,0.7033853978789409,0.5989566996729005,0.21457166658639767,0.06737373651439622,0.9683032716195082,VALID,gqa,Adaptive TS (ATS)
0.0005123978205127111,0.05123978205127111,0.14661132688657968,14.661132688657968,0.007860677835490893,0.221776565036396,-3.1503639597030286e-07,0.221776,0.0,2.625515264661765e-07,0.4691670875117235,0.6355872436604744,0.4122816091339562,2.428949451834694e-05,-0.10877093441972345,COLLAPSED,gqa,Probability Margin (1D)
0.03614109590464039,3.614109590464039,0.05457355175728687,5.457355175728687,0.03656393351572326,0.21282458877083674,0.008951661229163299,0.221776,0.011418317188983857,0.0026014396191542635,0.6065038597503788,0.6160362943816555,0.25330414712031557,0.11569967953395822,0.18124866888764293,VALID,gqa,MSSC (Multi-Scale Proxy)
0.012468509879930936,1.2468509879930936,0.154585023642984,15.458502364298399,0.006456886033926255,0.22173802358429,3.8226415710024275e-05,0.221776,0.0030526531713900135,0.003027505745388747,0.6855565976480773,0.6355005525389289,0.23085320082616198,0.00025612613041297726,0.9435419985100015,COLLAPSED,gqa,MSE-EIGEN (Multi-Scale)
0.06654618537387415,6.654618537387415,0.08551411157977523,8.551411157977522,0.04268801627335188,0.19707772888364167,0.02469852111635837,0.221776,0.03058777144982024,0.0060084023242736725,0.6971268306759975,0.5805143561234951,0.2222586201367537,0.14700937626407154,0.9834339849120173,VALID,gqa,Residual Calibrator
0.04816827222818402,4.816827222818402,0.046088787412539925,4.608878741253992,0.025996114676297238,0.19854798421398867,0.023228265786011365,0.221776,0.0286420542753996,0.005239269752248241,0.6998322631844744,0.582151839073858,0.20474165180602955,0.17409814973989252,0.8317300823687263,VALID,gqa,Trajectory LR
0.06492695815872189,6.492695815872189,0.07337402366001482,7.3374023660014815,0.050095103044612864,0.20352933085134156,0.018246919148658475,0.221776,0.023762886084440903,0.006532231780694076,0.673769930019479,0.5954400775094031,0.23139241546284975,0.10478333667043255,0.8228914213534674,VALID,gqa,Trajectory LR (No Bias)
0.04681833979487417,4.681833979487417,0.04472802928090094,4.472802928090093,0.02593400108968361,0.19854844693333246,0.02322780306666758,0.221776,0.028403524399531727,0.0050874942997941475,0.7004094221196163,0.5821464928877822,0.2042441414411224,0.17388674544584218,0.8311552492463957,VALID,gqa,Trajectory Platt (5D)
0.06137249994277954,6.137249994277954,0.061921849846839884,6.192184984683989,0.04256587694954667,0.20410275014302492,0.01767349985697511,0.221776,0.034604147344052025,0.015544222010184884,0.6837800303008441,0.5992762183965075,0.23730481980711107,0.18369219352355343,0.7912035875860148,VALID,gqa,Trajectory Platt (17D)
0.0592273545790596,5.922735457905961,0.05977752491707858,5.977752491707858,0.036944015861256244,0.19469694465851226,0.02707930534148778,0.221776,0.03400892205144231,0.00594656706852688,0.7080748142269677,0.574292874748918,0.20210231929768832,0.16374985758375038,0.9359721594468751,VALID,gqa,VCPS-5D (Our Method)
0.050160060459710526,5.016006045971053,0.05251943118099106,5.251943118099106,0.0388730763494254,0.19407688694384606,0.027699363056153975,0.221776,0.03099005657358846,0.0032884418073640177,0.7103473775340885,0.5729966817364965,0.20008824236965245,0.17059553257031054,0.9076552442718289,VALID,gqa,VCPS-17D (Our Method)
0.8454546543061733,84.54546543061733,0.8454546543061733,84.54546543061733,0.7819530961614131,0.764073386233666,-0.7561371362336661,0.007936,0.00016290169614231045,0.7560482584149426,0.4254032258064516,3.9742816312418316,0.9805037872529511,0.20091854524738947,1.0,COLLAPSED,infographicvqa,Naive Confidence (NC)
0.5390964874005806,53.90964874005806,0.5390964874005806,53.90964874005806,0.5390964874083644,0.3000388992424669,-0.2921026492424669,0.007936,8.136199095022625e-05,0.29198300218576256,0.4254032258064516,0.7941169498167978,0.9805037872529511,0.03622641913090091,1.0,COLLAPSED,infographicvqa,Temperature Scaling (TS)
0.0003744167052280971,0.03744167052280971,0.011261251318006624,1.1261251318006624,0.006759460156699441,0.00793078556584299,5.464434157010853e-06,0.007936,0.0,1.4018786915386373e-07,0.5745967741935484,0.046441859305351954,0.008366988614476129,0.004008149753870703,-1.0,COLLAPSED,infographicvqa,Platt Scaling (1D)
0.0005063137125861979,0.050631371258619794,0.012402263850125595,1.2402263850125594,0.0069220210815583395,0.007942338194486661,-6.088194486660731e-06,0.007936,0.0,2.5635357555281906e-07,0.6960685483870968,0.04580942219190375,0.0030697585896846498,0.005276335810270557,-0.688134016536066,COLLAPSED,infographicvqa,Quadratic Platt (Logit-Only)
0.0004998599424137998,0.049985994241379984,0.01197793445304966,1.197793445304966,0.0004998599424137998,0.007936249859962032,1.400379690680298e-10,0.007936,0.0,2.4985996202992727e-07,0.5,0.046609544989780226,0.006748968031554177,0.0,1.0,COLLAPSED,infographicvqa,Beta Calibration
0.0011666666666666683,0.11666666666666684,0.012289999999999999,1.2289999999999999,0.0011666666666666683,0.007937361111111114,-1.111111111113186e-06,0.007936,0.0,1.3611111111111148e-06,0.5,0.04667272007644913,0.006748968031554177,1.734723475976807e-18,1.0,COLLAPSED,infographicvqa,Spline Calibration
0.5388983048753272,53.88983048753272,0.5388983048753273,53.889830487532734,0.5388983048845114,0.29981403168002885,-0.29187778168002887,0.007936,8.09479313256403e-05,0.29175970154803266,0.4254032258064516,0.7936555419345869,0.98046380655008,0.036081092975918196,0.9999990399961599,COLLAPSED,infographicvqa,Adaptive TS (ATS)
0.0004279824325761003,0.04279824325761003,0.012307139188546314,1.2307139188546314,0.007356775212636566,0.007943122480566776,-6.872480566775391e-06,0.007936,0.0,1.8316896259375624e-07,0.2681451612903226,0.047009267185737044,0.013294755725662709,0.0012315022579775057,-0.07824135746614155,COLLAPSED,infographicvqa,Probability Margin (1D)
0.00044590113786539126,0.044590113786539126,0.011820069626614789,1.1820069626614789,0.007003907565227663,0.007932800251605138,3.449748394862562e-06,0.007936,0.0,1.9882782474965066e-07,0.5670362903225806,0.04639106067867047,0.007310517887707041,0.0008533592161311875,-0.2599279921678132,COLLAPSED,infographicvqa,MSSC (Multi-Scale Proxy)
0.0005074737780068547,0.05074737780068547,0.011946591337666675,1.1946591337666674,0.007143980849083639,0.007936244626384956,5.373615044254598e-09,0.007936,0.0,2.575296353645505e-07,0.48185483870967744,0.04660923104389136,0.007672232135402079,1.0283907470465036e-05,0.7648893955575822,COLLAPSED,infographicvqa,MSE-EIGEN (Multi-Scale)
0.00038273707030682044,0.038273707030682044,0.011254230867763029,1.1254230867763029,0.006752019133284391,0.007930550088622345,5.69991137765527e-06,0.007936,0.0,1.46487664987048e-07,0.5761088709677419,0.04643630066957988,0.008352641181289542,0.0040391851653032145,-0.9999805119220478,COLLAPSED,infographicvqa,Residual Calibrator
0.0002505941149708417,0.02505941149708417,0.010186309795186529,1.0186309795186528,0.006166117404328971,0.007912392078657791,2.3857921342209515e-05,0.007936,0.0,6.279741045801943e-08,0.6617943548387097,0.045359175046815435,0.0045864815201121486,0.005107030219140133,-0.7404802419209676,COLLAPSED,infographicvqa,Trajectory LR
0.0033856513536044165,0.33856513536044164,0.01441371257868004,1.441371257868004,0.012744791141486647,0.00826755332653944,-0.0003313033265394394,0.007936,1.7084188911704313e-06,0.0002339674673937894,0.606350806451613,0.05143117616468297,0.004478907711531523,0.01869500650850948,-0.5658702314809259,COLLAPSED,infographicvqa,Trajectory LR (No Bias)
0.000276217396312858,0.0276217396312858,0.010283286643156316,1.0283286643156315,0.006197679052754702,0.007913245330409236,2.300466959076486e-05,0.007936,0.0,7.629605002585447e-08,0.6617943548387096,0.045340374651116094,0.00453992291027125,0.004860561608339362,-0.7340340081360325,COLLAPSED,infographicvqa,Trajectory Platt (5D)
0.0002059666906716294,0.02059666906716294,0.01288721882097889,1.288721882097889,0.006686500823926114,0.007929848895996926,6.401104003074878e-06,0.007936,0.0,4.242227766622267e-08,0.6033266129032259,0.046129897902899814,0.005228827065062664,0.005546039793803373,-0.6404897939591758,COLLAPSED,infographicvqa,Trajectory Platt (17D)
0.0005804956777396668,0.05804956777396668,0.013139063345657108,1.313906334565711,0.007380165007350222,0.00794293987504171,-6.689875041709925e-06,0.007936,0.0,3.369752318744351e-07,0.4223790322580645,0.04702785644368224,0.009155235749603209,0.0012448798202959852,0.9998368953475814,COLLAPSED,infographicvqa,VCPS-5D (Our Method)
0.0005686605996069738,0.05686605996069738,0.012163135015806993,1.2163135015806994,0.007395773524844758,0.007943458642919378,-7.2086429193773255e-06,0.007936,0.0,3.23374877545363e-07,0.407258064516129,0.04706424164890737,0.009671741185322701,0.0012370929787518473,0.9948332593330373,COLLAPSED,infographicvqa,VCPS-17D (Our Method)
0.7315902764146978,73.15902764146978,0.7315902764146978,73.15902764146978,0.7279490462462438,0.7314117786904458,-0.5351462828226772,0.1962603305785124,0.0,0.5352243325445338,0.4765764817349194,6.838905943054565,0.7421126109369985,0.0004499967943188235,0.9999999999999999,COLLAPSED,lego-puzzles,Naive Confidence (NC)
0.34711436260172596,34.7114362601726,0.34711436260172585,34.71143626017258,0.3471143626399269,0.3159597132332273,-0.11969421736545871,0.1962603305785124,0.008396924948609304,0.12684415874120028,0.4765764817349194,0.8278645948255967,0.7421126109369985,0.014390833194518263,0.9999999999999999,COLLAPSED,lego-puzzles,Temperature Scaling (TS)
0.007149639433918544,0.7149639433918543,0.11887064325075317,11.887064325075317,0.028832084139558126,0.19583621493332573,0.00042928093444286053,0.1962603305785124,1.962009097315658e-06,5.690723199680896e-05,0.4765764817349194,0.5803149299462643,0.24166018229328504,0.007352665574668886,0.9999999999999999,COLLAPSED,lego-puzzles,Platt Scaling (1D)
0.04338414331814768,4.338414331814768,0.09737328291823619,9.73732829182362,0.039033642136276955,0.1875062729501318,0.008759222917636783,0.1962603305785124,0.0108873893435022,0.0037686667099292113,0.6682808716707023,0.558222802382602,0.16903909885416363,0.05608182065924884,-0.4348674041461667,SCRAMBLED,lego-puzzles,Quadratic Platt (Logit-Only)
0.022017984017088574,2.2017984017088574,0.10591435163311667,10.591435163311667,0.053581550108250595,0.19068757738817746,0.005577918479591132,0.1962603305785124,0.00843486181462721,0.0013302273728201983,0.4765764817349194,0.5624226550243833,0.24166018229328504,0.05611799324625985,0.9999999999999999,VALID,lego-puzzles,Beta Calibration
0.06282844760046218,6.282844760046218,0.12329257363835872,12.329257363835872,0.06290480130278905,0.19271107817527056,0.0035544176924980353,0.1962603305785124,0.008396924948609304,0.004847672258382221,0.5714285714285714,0.5692500798181833,0.18231713015488243,0.06163043204531264,0.5310340446215537,VALID,lego-puzzles,Spline Calibration
0.34664163707641776,34.66416370764178,0.34664163707641776,34.66416370764178,0.34664163708734447,0.31563418920926783,-0.11936869334149924,0.1962603305785124,0.008396924948609304,0.1265236190862818,0.4765764817349194,0.8271752626225055,0.7421126109369985,0.014335238514387129,0.9999999999999999,COLLAPSED,lego-puzzles,Adaptive TS (ATS)
0.0022564968790144135,0.22564968790144135,0.09173799661807158,9.173799661807159,0.008533892280726886,0.19626522780389988,2.680638687135861e-07,0.1962603305785124,0.0,5.0917781650017885e-06,0.5739551531740184,0.5814544706925656,0.21032937965608903,1.489700452535874e-06,0.3584735068215625,COLLAPSED,lego-puzzles,Probability Margin (1D)
0.015498798035292093,1.5498798035292094,0.09996697375588778,9.996697375588779,0.016825603099614287,0.19659181574202927,-0.0003263198742606832,0.1962603305785124,2.3696588973416997e-06,0.0003338548224142043,0.5016317507106011,0.5823263498431662,0.28832548567826133,0.019803019638207894,-0.24039833416550418,COLLAPSED,lego-puzzles,MSSC (Multi-Scale Proxy)
0.002273123004379707,0.22731230043797068,0.0974587604298413,9.745876042984131,0.002273123004379707,0.19626549766670548,-1.7989368883419843e-09,0.1962603305785124,0.0,5.167088193040225e-06,0.4925255290030529,0.5814551545732011,0.24118529772641795,1.3290044558027237e-16,1.0,COLLAPSED,lego-puzzles,MSE-EIGEN (Multi-Scale)
0.009189414051105103,0.9189414051105103,0.08525998056500061,8.525998056500061,0.03984198907104944,0.19443157595018135,0.0018339199175872456,0.1962603305785124,0.00228880644602761,0.001373840828795488,0.5426887040741131,0.5768576625921987,0.2166148277909781,0.01757073567524564,0.5385349454530898,COLLAPSED,lego-puzzles,Residual Calibrator
0.056455517571318024,5.645551757131803,0.10286497423777369,10.28649742377737,0.051408603428161455,0.18991652182878677,0.006348974038981825,0.1962603305785124,0.01239767807949626,0.007507376981923046,0.6522791872828718,0.5636550999238932,0.1823027395131067,0.07081284644849449,-0.27015019865636997,SCRAMBLED,lego-puzzles,Trajectory LR
0.10027078561511808,10.027078561511809,0.09745734548941129,9.74573454894113,0.06373833850602285,0.19039784275910887,0.0058676531086597206,0.1962603305785124,0.02085575567109658,0.014174595359999674,0.6480682177071271,0.5650485867071368,0.1901344269247553,0.07171673432111415,-0.4206841309215832,SCRAMBLED,lego-puzzles,Trajectory LR (No Bias)
0.05644917488098143,5.644917488098143,0.10286573808301576,10.286573808301576,0.05136167377456528,0.18991485057076854,0.0063506452970000515,0.1962603305785124,0.01239767807949626,0.007506824882502167,0.6522791872828718,0.5636489963308671,0.18228425321471606,0.07083966195093988,-0.26995973497026665,SCRAMBLED,lego-puzzles,Trajectory Platt (5D)
0.04344168935309757,4.3441689353097575,0.09854518601840193,9.854518601840192,0.04332582792184069,0.19278354911464396,0.0034819467531246318,0.1962603305785124,0.01058177014105605,0.009224684641840663,0.6297505000526372,0.5695883301674008,0.18660354742796867,0.07264871665893079,-0.1958107568649647,SCRAMBLED,lego-puzzles,Trajectory Platt (17D)
0.008683075327286334,0.8683075327286334,0.09944458685460965,9.944458685460965,0.05450342578048888,0.19425081681715453,0.00201467905061406,0.1962603305785124,0.002311845730027548,0.0013787648431272679,0.5206863880408463,0.5762930337453971,0.2247604304126349,0.019372292162295794,0.6322915401904962,COLLAPSED,lego-puzzles,VCPS-5D (Our Method)
0.03649597612281214,3.649597612281214,0.09185403995523916,9.185403995523917,0.050066678228367884,0.19228123284035525,0.003984263027413337,0.1962603305785124,0.006583862931747719,0.0034701542898174934,0.5457416570165281,0.5705296614549166,0.21661832611987408,0.04339467369410171,0.49062543936968533,VALID,lego-puzzles,VCPS-17D (Our Method)
0.2861641039764115,28.61641039764115,0.2857754726325699,28.577547263256992,0.2799957323121708,0.28601747651029197,-0.08181347651029194,0.20420400000000002,0.00016391983967935868,0.08196148432315821,0.6289788642729819,4.061604123493544,0.21189320547230223,0.004384625918492753,1.0,COLLAPSED,mmbench,Naive Confidence (NC)
0.06681377460061373,6.681377460061373,0.07875081436033675,7.875081436033675,0.055119812554438194,0.20142899709530857,0.0027750029046914593,0.20420400000000002,0.008487649289099525,0.006401907098243256,0.6289788642729819,0.5915685508092463,0.21189320547230223,0.023060074794488673,1.0,VALID,mmbench,Temperature Scaling (TS)
0.030699119712644267,3.0699119712644265,0.05499660666032792,5.499660666032792,0.03210512887994522,0.198689975948812,0.005514024051188032,0.20420400000000002,0.009570607256150701,0.005111386666238623,0.6289788642729819,0.5850623149822843,0.2321033540961259,0.0799761881799648,1.0,VALID,mmbench,Platt Scaling (1D)
0.01605030115201351,1.6050301152013509,0.04686483910406694,4.686483910406694,0.015586562809693774,0.1950999592984232,0.009104040701576832,0.20420400000000002,0.009046689938460218,0.0005127734580609187,0.6342481048363401,0.5759627541720264,0.20713499192942594,0.0881361742474922,0.9752193412098356,VALID,mmbench,Quadratic Platt (Logit-Only)
0.030689457590094747,3.0689457590094746,0.05501382254753075,5.501382254753075,0.03206760623409406,0.19872718466013187,0.005476815339868157,0.20420400000000002,0.009570607256150701,0.005149062487496898,0.6289788642729819,0.5852183109855188,0.2320908684949702,0.0801898335190456,1.0,VALID,mmbench,Beta Calibration
0.014643469490670635,1.4643469490670635,0.04809056984367119,4.8090569843671185,0.014643469490670635,0.20441843119872422,-0.00021443119872419092,0.20420400000000002,0.0,0.0002144311987242017,0.5,0.5990675140864291,0.24825089656150748,1.1102230246251565e-16,1.0,COLLAPSED,mmbench,Spline Calibration
0.07649966833440502,7.649966833440502,0.09945198518919587,9.945198518919588,0.08668063373191949,0.19795520982656223,0.006248790173437796,0.20420400000000002,0.012463564703744094,0.008168302631634768,0.6798397680750622,0.5826893119327516,0.17933744442955157,0.032462434062817284,0.8164065655222569,VALID,mmbench,Adaptive TS (ATS)
8.945274525551383e-07,8.945274525551383e-05,0.08830421418104463,8.830421418104462,0.008105962339842584,0.20420385606587507,1.4393412495206093e-07,0.20420400000000002,0.0,8.001793633747853e-13,0.5363558010616835,0.5985308335255012,0.2822336096297362,4.030005383746631e-06,0.030195341774724983,COLLAPSED,mmbench,Probability Margin (1D)
0.014290238079419629,1.4290238079419628,0.04514036693181156,4.514036693181156,0.02719224691961081,0.18894744475069325,0.015256555249306775,0.20420400000000002,0.015772867924528304,0.0005163126752215435,0.6286360698125404,0.5637151195692086,0.21630830704929846,0.10690748948071721,0.13991814729107285,VALID,mmbench,MSSC (Multi-Scale Proxy)
4.3536383417142055e-05,0.0043536383417142055,0.04720870728109336,4.720870728109336,4.3536383417142055e-05,0.20420400189331492,-1.8933148937527733e-09,0.20420400000000002,0.0,1.8954166810444017e-09,0.49088166735225564,0.5985311906127561,0.2802661923336707,6.368450701275746e-11,1.0,COLLAPSED,mmbench,MSE-EIGEN (Multi-Scale)
0.04516621668477091,4.516621668477091,0.07764444104192868,7.764444104192868,0.04559291725062475,0.1952171873594926,0.008986812640507436,0.20420400000000002,0.012961314398289023,0.005715180705908918,0.6661671661671662,0.5761313655207742,0.20336890248381867,0.08534587759174515,0.9568507484155514,VALID,mmbench,Residual Calibrator
0.04089877428952872,4.089877428952872,0.052833743103701085,5.2833743103701085,0.024606378114025405,0.1869233089866692,0.017280691013330823,0.20420400000000002,0.020386399989846545,0.00429127181447445,0.6910638381226615,0.5696333257227539,0.1845281847309937,0.13742907850822883,0.6912220919974144,VALID,mmbench,Trajectory LR
0.025814662322959397,2.5814662322959396,0.07024572285802047,7.024572285802047,0.019147775319692906,0.1938529779506541,0.010351022049345932,0.20420400000000002,0.013848823999272817,0.003413637487404192,0.6275978923037747,0.586555855072342,0.23697435195224,0.10902825959724247,0.36209755382700215,VALID,mmbench,Trajectory LR (No Bias)
0.04092367969748739,4.092367969748739,0.052861357581641635,5.286135758164163,0.024603115214451316,0.18692670301779526,0.01727729698220476,0.20420400000000002,0.020386399989846545,0.004293706929508361,0.6910834263775438,0.5696542712727779,0.18454176852339127,0.1374085882212393,0.6910676891674892,VALID,mmbench,Trajectory Platt (5D)
0.04830595967173578,4.830595967173578,0.051951263397932046,5.195126339793204,0.030958935187967187,0.18435884627323854,0.01984515372676149,0.20420400000000002,0.02462862792657829,0.004676309517717019,0.6926406926406927,0.5498301667931503,0.17424370428860625,0.14112468370597145,0.690005674871033,VALID,mmbench,Trajectory Platt (17D)
0.057882151166305004,5.7882151166305,0.05379032345605632,5.379032345605632,0.029328300141691455,0.18855660722893341,0.01564739277106661,0.20420400000000002,0.023797366896308073,0.0077862514944030585,0.6905545434957199,0.5597090789496465,0.18847442335183348,0.12585481875618737,0.7778251341175587,VALID,mmbench,VCPS-5D (Our Method)
0.044938774915854234,4.493877491585423,0.04985826296195332,4.985826296195333,0.029303105133140966,0.18400824450122447,0.02019575549877556,0.20420400000000002,0.023952828036961905,0.003784334605652208,0.6932479285420462,0.5488116381316802,0.17264009440681496,0.13163305499089323,0.7375743119232009,VALID,mmbench,VCPS-17D (Our Method)
0.7875887090556843,78.75887090556843,0.7875887090556845,78.75887090556844,0.7149278460492055,0.6888725684559812,-0.6717325664487129,0.01713764196863169,0.0002837093843620299,0.6712479505233708,0.6390532544378698,3.4006179638250837,0.9484423450128443,0.23940237705667378,0.9999999999999999,COLLAPSED,mmmu,Naive Confidence (NC)
0.5220540595754262,52.20540595754262,0.5220540595754262,52.20540595754262,0.5220540595754223,0.2907526174610168,-0.27361261545374854,0.01713764196863169,0.00038427599555947736,0.27340424707175787,0.6390532544378698,0.7755292196093886,0.9484423450128443,0.03846949747077432,0.9999999999999999,COLLAPSED,mmmu,Temperature Scaling (TS)
0.018125896004211436,1.8125896004211435,0.03440230959989602,3.440230959989602,0.027894714955867185,0.020471205035776402,-0.0033312030285081035,0.01713764196863169,2.4873210404400134e-05,0.003257796527794914,0.6390532544378698,0.10124753614694663,0.008232571820288945,0.054837111926893015,0.9999999999999999,COLLAPSED,mmmu,Platt Scaling (1D)
0.022624500062872702,2.26245000628727,0.04085540088266687,4.085540088266687,0.04060163778983999,0.027563293931600556,-0.010423291924332258,0.01713764196863169,1.4839926657784693e-05,0.0102353429831444,0.27416173570019725,0.14166791051008576,0.06464707406401118,0.09836379502857091,0.14311251983972567,COLLAPSED,mmmu,Quadratic Platt (Logit-Only)
0.019461985092131175,1.9461985092131175,0.03520378547542048,3.520378547542048,0.029914696978259134,0.02110410314579798,-0.003964101138529682,0.01713764196863169,2.4873210404400134e-05,0.003872701893722534,0.6390532544378698,0.103996321540074,0.008232571820288945,0.0598636586629906,0.9999999999999999,COLLAPSED,mmmu,Beta Calibration
0.0023555805394786314,0.23555805394786314,0.030337865743503473,3.0337865743503474,0.01475291221364681,0.0175253100468423,-0.0003853080395740012,0.01713764196863169,0.0,5.54875967797044e-06,0.5729783037475344,0.09361799065900234,0.008989525677280836,0.01711530015489243,0.8751858066135745,COLLAPSED,mmmu,Spline Calibration
0.5218832131877557,52.188321318775564,0.5218832131877557,52.188321318775564,0.521883213187752,0.2905644953604549,-0.27342449335318664,0.01713764196863169,0.00038427599555947736,0.27321917729409007,0.6390532544378698,0.7751414631811288,0.9483917888955542,0.03832183426766537,0.9999999999999999,COLLAPSED,mmmu,Adaptive TS (ATS)
0.0013243499490982018,0.1324349949098202,0.027905544628639912,2.7905544628639913,0.007292558251818,0.017114206586141364,2.5795421126934004e-05,0.01713764196863169,0.0,1.7539027876764097e-06,0.4990138067061144,0.08649828381667632,0.013521629395880325,0.005607191720352405,-0.16967567986367252,COLLAPSED,mmmu,Probability Margin (1D)
0.0018192843903812525,0.18192843903812525,0.02899283122602074,2.899283122602074,0.00979647537354213,0.017193132972566815,-5.313096529851666e-05,0.01713764196863169,0.0,3.3097956930848854e-06,0.5552268244575936,0.08883362971193265,0.008541588872543072,0.007291609071579375,0.3231635106188848,COLLAPSED,mmmu,MSSC (Multi-Scale Proxy)
0.001543028189962669,0.1543028189962669,0.028912928657191306,2.8912928657191306,0.008167328695637077,0.01713929841632595,7.035909423483422e-07,0.01713764196863169,0.0,2.3809359950194705e-06,0.6331360946745562,0.08795511354717496,0.008458040520224648,3.628901577542882e-05,0.7070654186211597,COLLAPSED,mmmu,MSE-EIGEN (Multi-Scale)
0.01851764181522841,1.851764181522841,0.03457012082935343,3.457012082935343,0.0284795175012118,0.02062553972709556,-0.0034855377198272607,0.01713764196863169,2.4873210404400134e-05,0.0034067123861221443,0.6390532544378698,0.10189442698231245,0.008232571820288945,0.05610597506207792,0.9999410409341001,COLLAPSED,mmmu,Residual Calibrator
0.01797710914344703,1.797710914344703,0.03701593173658646,3.701593173658646,0.029610442768277054,0.02042279794240564,-0.0032827959351373406,0.01713764196863169,2.0785114666648753e-05,0.003087070919057538,0.621301775147929,0.10431333784422221,0.008496624298797734,0.05342058318710522,0.9399277869360859,COLLAPSED,mmmu,Trajectory LR
0.021803349030225332,2.1803349030225334,0.03506741649158576,3.506741649158576,0.023705880557456347,0.01931855212908393,-0.002178550121815632,0.01713764196863169,5.4175896634241384e-05,0.0027330760256839147,0.7140039447731755,0.09263603487794157,0.006182691727337288,0.04642369067407554,0.37995344592156555,COLLAPSED,mmmu,Trajectory LR (No Bias)
0.01693488908275085,1.693488908275085,0.036482269815128664,3.6482269815128663,0.028178473901915652,0.01994365814971058,-0.002803656142442282,0.01713764196863169,2.0785114666648753e-05,0.002613557519860958,0.6252465483234714,0.10261292205998135,0.008328372036113606,0.049069343860248756,0.9294071312169387,COLLAPSED,mmmu,Trajectory Platt (5D)
0.018855253333788635,1.8855253333788635,0.03597881684309382,3.597881684309382,0.030085276501026607,0.020591830565160757,-0.0034518285578924585,0.01713764196863169,2.0785114666648753e-05,0.0032414974165038205,0.6035502958579883,0.10686916986085279,0.009022320719359213,0.0546353172886006,0.7685762328930269,COLLAPSED,mmmu,Trajectory Platt (17D)
0.019552836307800706,1.9552836307800705,0.03450775359576872,3.450775359576872,0.028542539814310285,0.02058692403920877,-0.0034469220319404727,0.01713764196863169,2.695606930876081e-05,0.00339683986605018,0.6390532544378698,0.10213572961048917,0.00822294673346264,0.055683965848169384,0.9995943616266098,COLLAPSED,mmmu,VCPS-5D (Our Method)
0.019797844497234967,1.9797844497234967,0.03470240604763735,3.470240604763735,0.028978098844635078,0.020706581566702773,-0.0035665795594344747,0.01713764196863169,2.695606930876081e-05,0.0035135647535293425,0.6429980276134122,0.1024283933618462,0.008094932702080525,0.056657924252247506,0.9988043101435533,COLLAPSED,mmmu,VCPS-17D (Our Method)
0.04030088554174113,4.030088554174113,0.042962620602142426,4.296262060214243,0.03196330539171359,0.09150840732360334,0.008883243697579063,0.10039159843360625,0.011770943108099183,0.003344807619886794,0.7524243740049212,0.3261441354086603,0.05258795443352052,0.1264829514084249,0.9999999999999999,VALID,pope,Naive Confidence (NC)
0.03667871492456423,3.667871492456423,0.04233676521717131,4.233676521717131,0.030273180347041222,0.09137322514491049,0.009018425876271913,0.10039159843360625,0.012078253341033806,0.00330133547948289,0.7524243740049212,0.31889781571310344,0.05258795443352052,0.1287075036474341,0.9999999999999999,VALID,pope,Temperature Scaling (TS)
0.036949726540759925,3.6949726540759924,0.043310065947109615,4.331006594710962,0.03121775023318018,0.09148835008485273,0.00890330093632967,0.10039159843360625,0.012078253341033806,0.0034149844546898026,0.7524243740049212,0.3192715881057459,0.05258795443352052,0.13066109630638187,0.9999999999999999,VALID,pope,Platt Scaling (1D)
0.03643415905002881,3.6434159050028807,0.04345940796083249,4.345940796083249,0.03131232162625052,0.09149892176330245,0.008892729257879955,0.10039159843360625,0.012078253341033806,0.0034288453426731596,0.7524243740049212,0.31897455218153853,0.05258795443352052,0.13107803797302908,0.9999999999999999,VALID,pope,Quadratic Platt (Logit-Only)
0.035519998496651654,3.5519998496651652,0.0436879032491493,4.36879032491493,0.031541763582482105,0.09152053898083792,0.008871112040344478,0.10039159843360625,0.011466811376729943,0.002641062884614632,0.7524243740049212,0.3188291716107801,0.05249884249928699,0.1323118285803954,0.9999999999999999,VALID,pope,Beta Calibration
0.03549265907348641,3.549265907348641,0.03817014389212406,3.8170143892124058,0.023191471401067722,0.09220010388594375,0.008191547135238647,0.10039159843360625,0.009453080833325647,0.001934809260061399,0.7524243740049212,0.31982511350023496,0.05263162474585191,0.10621785750738229,0.9999999999999999,VALID,pope,Spline Calibration
0.035860668783367286,3.5860668783367284,0.03764007411271125,3.764007411271125,0.026948639050908742,0.09076625669662715,0.009625394324555253,0.10039159843360625,0.012509222133542405,0.003336475028335124,0.7640758431031989,0.3140545407027427,0.047027624244274674,0.1277525750813174,0.9892830680488646,VALID,pope,Adaptive TS (ATS)
0.0002258482158783437,0.02258482158783437,0.052266932361534076,5.226693236153408,0.0002258482158783437,0.10039164944102288,1.580159517122759e-09,0.10039159843360625,0.0,5.1007416615430934e-08,0.5,0.3531696371917637,0.13574563452161467,2.220446049250313e-16,1.0,COLLAPSED,pope,Probability Margin (1D)
0.0086438892305089,0.86438892305089,0.03643566449879433,3.643566449879433,0.01933825989958761,0.0962633436365038,0.004128307384678606,0.10039159843360625,0.0042083498086671845,8.009501156471544e-05,0.6433637284701115,0.3348146969103461,0.09042238481407033,0.07361166672774973,0.4914759708068543,VALID,pope,MSSC (Multi-Scale Proxy)
0.00021301420695352125,0.021301420695352125,0.0763348005749952,7.63348005749952,0.006936913922760537,0.1003708801980826,2.077082309979994e-05,0.10039159843360625,0.0,4.537505236403758e-08,0.6631205673758866,0.35306629534859485,0.056453322412988026,0.0002894967422612514,0.4004908857492762,COLLAPSED,pope,MSE-EIGEN (Multi-Scale)
0.03586887263369837,3.586887263369837,0.038002152030477465,3.8002152030477463,0.030295768701073388,0.09141548871920203,0.008976162301980367,0.10039159843360625,0.011191023501355826,0.002336491030797468,0.7543783470835144,0.318485463482034,0.05209022510747981,0.13138100027189806,0.9993941770972223,VALID,pope,Residual Calibrator
0.03949614353127877,3.9496143531278767,0.0474083202393751,4.74083202393751,0.03295499399086059,0.09165107392960914,0.008740577091573262,0.10039159843360625,0.013336588339679907,0.004820306444833885,0.7639311043566364,0.31510950365552526,0.04599880318006987,0.13559144572103238,0.9788196981272432,VALID,pope,Trajectory LR
0.044838843072895054,4.483884307289506,0.047332171515683884,4.733217151568389,0.03274686052660698,0.09163291561883949,0.008758735402342913,0.10039159843360625,0.013215590144003258,0.004984584861317343,0.7640034737299175,0.31507396012764416,0.0459898177847816,0.13542963325624752,0.9788978347118732,VALID,pope,Trajectory LR (No Bias)
0.03918268561684539,3.9182685616845387,0.047297739436362944,4.729773943636294,0.03300638635214626,0.09165440056202802,0.008737250459154383,0.10039159843360625,0.013572168313025766,0.004881299751142888,0.7640758431031986,0.3148252519929886,0.04596702934491786,0.13493734811431168,0.9789431891805456,VALID,pope,Trajectory Platt (5D)
0.043984924365246716,4.398492436524672,0.05518525148016423,5.5185251480164235,0.03750895519621135,0.09344401409704003,0.006947636924142367,0.10039159843360625,0.009217839458117005,0.004183502093130712,0.7615429150383557,0.3181598253904924,0.04598621545788832,0.1457482915963881,0.9587183861141133,VALID,pope,Trajectory Platt (17D)
0.036635678844715726,3.6635678844715724,0.040117782936720234,4.011778293672023,0.02915468171557894,0.09104997601597124,0.009341675005211159,0.10039159843360625,0.011751686002443456,0.0029321130990910688,0.7647271674627298,0.3150048209932949,0.046764529506515724,0.1331146855247875,0.9880247752897643,VALID,pope,VCPS-5D (Our Method)
0.03376316228653162,3.376316228653162,0.03855481768155206,3.8554817681552063,0.02920743682395288,0.09096142274880048,0.009430228272381921,0.10039159843360625,0.013065181532906827,0.003102459936709747,0.7645824287161673,0.3149390108184438,0.04675882540518366,0.13409587386706795,0.9794183536139942,VALID,pope,VCPS-17D (Our Method)
0.11082763671875002,11.082763671875002,0.1065540877126512,10.655408771265119,0.09201948499572091,0.15663562355867322,0.0004854519423997672,0.15712018140589568,0.016124021658284138,0.017557703644773076,0.7014540337711069,0.5118431566111331,0.0990062633992084,0.19433392526388737,1.0,COLLAPSED,scienceqa,Naive Confidence (NC)
0.08694686939662317,8.694686939662317,0.0975585635156076,9.75585635156076,0.0728613013845202,0.15292874967463893,0.004192325826434057,0.15712018140589568,0.017879337642916247,0.013553534284046459,0.7014540337711069,0.46339528758338094,0.0990062633992084,0.17308877459497085,1.0,VALID,scienceqa,Temperature Scaling (TS)
0.03627100062119965,3.627100062119965,0.07456787048822662,7.456787048822662,0.023264158998915027,0.14502628246101287,0.012094793040060114,0.15712018140589568,0.014544303713612834,0.002421753323522626,0.7014540337711069,0.4493005796850696,0.0962226575692405,0.10437305758406555,1.0,VALID,scienceqa,Platt Scaling (1D)
0.03177343927520456,3.177343927520456,0.04126942465286309,4.126942465286309,0.028225928008958897,0.14602994982374387,0.011091125677329117,0.15712018140589568,0.011675661963889921,0.0013942303465765726,0.67976980805311,0.4479762249048554,0.10146485035818958,0.10513632708678813,0.8503475360119093,VALID,scienceqa,Quadratic Platt (Logit-Only)
0.030789289435472517,3.0789289435472518,0.07454209444339835,7.454209444339835,0.01891220440549267,0.1450824030043161,0.012038672496756886,0.15712018140589568,0.01310720407925128,0.0012908214923583602,0.7014540337711069,0.44843611217771817,0.0962226575692405,0.10550180143667441,1.0,VALID,scienceqa,Beta Calibration
0.033589064072588985,3.3589064072588983,0.07514432246232489,7.514432246232489,0.019918255547370492,0.14513630198592878,0.01198477351514421,0.15712018140589568,0.012667886991640096,0.0012539093964472052,0.7014540337711069,0.4482375738225122,0.0962226575692405,0.09029224627898214,1.0,VALID,scienceqa,Spline Calibration
0.08508220983783898,8.508220983783898,0.09406472344367375,9.406472344367375,0.07119805740296167,0.15233302439511912,0.004788051105953872,0.15712018140589568,0.016414136607475066,0.011842874679466852,0.7044486938952229,0.4608546349413615,0.09730746925061905,0.17354139711118488,0.9976028368805814,VALID,scienceqa,Adaptive TS (ATS)
0.0009948414497324976,0.09948414497324976,0.07022505292204566,7.022505292204566,0.0009948414497324976,0.1571211711154058,-9.561433281235487e-08,0.15712018140589568,0.0,9.897095101058575e-07,0.5,0.4937328742876195,0.1903054211881936,1.1102230246251565e-16,1.0,COLLAPSED,scienceqa,Probability Margin (1D)
0.01828854702730505,1.8288547027305049,0.05857686052343122,5.857686052343122,0.02311390325079234,0.15145465073351602,0.005666424767556966,0.15712018140589568,0.009590164499185016,0.0039246338268053285,0.5985351421561552,0.47781565812798826,0.14186763943646824,0.05602300723168169,0.4214305285689401,VALID,scienceqa,MSSC (Multi-Scale Proxy)
0.010407285206073615,1.0407285206073615,0.09858919924632176,9.858919924632175,0.003114555382388995,0.1569984577243257,0.0001226177767472969,0.15712018140589568,0.0007063072142437228,0.0006593690487715516,0.6631728965218647,0.4933450355629299,0.10478635260095982,0.0013513581641707078,0.6753640225822484,COLLAPSED,scienceqa,MSE-EIGEN (Multi-Scale)
0.03855332296224307,3.855332296224307,0.05439672796902316,5.4396727969023155,0.024161974155001906,0.14471970690460187,0.012401368596471118,0.15712018140589568,0.016212550385881933,0.004343836871968767,0.7034023668639053,0.44829599660438146,0.09521721266038666,0.10476880529731812,0.998008572935591,VALID,scienceqa,Residual Calibrator
0.027140934765906406,2.714093476590641,0.04645643371674632,4.645643371674632,0.026719601218111545,0.14467647874690343,0.012444596754169562,0.15712018140589568,0.0137119919702847,0.0016350319144192735,0.7022117188627508,0.4475462432369909,0.09528486978974876,0.10854641568015172,0.9556055108512529,VALID,scienceqa,Trajectory LR
0.025534322754017718,2.553432275401772,0.06331628327386565,6.331628327386565,0.030428446372745367,0.1437813758478054,0.01333969965326759,0.15712018140589568,0.015944666449312514,0.002768027987625388,0.7066135084427767,0.44625860095108727,0.09537275353577378,0.11559117786358211,0.9483252616693859,VALID,scienceqa,Trajectory LR (No Bias)
0.02682040049916221,2.682040049916221,0.04650428522200811,4.650428522200811,0.026601891535030134,0.1446549727715895,0.01246610272948348,0.15712018140589568,0.013932696795997287,0.0016045795840637022,0.7025364410448838,0.4475609641139118,0.09525751784852916,0.10816019319401625,0.9552164577557904,VALID,scienceqa,Trajectory Platt (5D)
0.04378182994467872,4.378182994467872,0.0543836554601079,5.43836554601079,0.028804068352997717,0.14336439428858552,0.013756681212487465,0.15712018140589568,0.01705296437978353,0.0035739408147372536,0.7151284456631547,0.4435048129306577,0.09239732506362762,0.11611024989197846,0.933476941760841,VALID,scienceqa,Trajectory Platt (17D)
0.03675616505301303,3.6756165053013032,0.04825794405367384,4.825794405367384,0.02403196788802918,0.14459175281812023,0.01252932268295276,0.15712018140589568,0.015727170768963725,0.004122071967798421,0.7048816568047337,0.44746061856482855,0.09456572710705857,0.10613222529035145,0.9954750306711351,VALID,scienceqa,VCPS-5D (Our Method)
0.02604916645865285,2.604916645865285,0.06622974219569192,6.622974219569191,0.022645218212333944,0.14461875975010996,0.012502315750963028,0.15712018140589568,0.015142140653460739,0.0016895796243604185,0.7038353297734161,0.44713091132730476,0.09485293447830101,0.10728227251979411,0.9858614347393801,VALID,scienceqa,VCPS-17D (Our Method)
0.3239990159438202,32.399901594382015,0.3239990159438202,32.399901594382015,0.318248761554265,0.3239993554984626,-0.10497510549846259,0.219024,0.0,0.10497536233256385,0.4996438746438747,5.013536133583017,0.3277695447146217,5.861691798961527e-06,1.0,COLLAPSED,seedbench,Naive Confidence (NC)
0.013077964569520796,1.3077964569520797,0.0616042577616168,6.16042577616168,0.015368146022479977,0.21892418786883364,0.00010006213116636742,0.219024,6.957780895063246e-07,0.000180362425898746,0.4996438746438747,0.6296374846855601,0.3277695447146217,0.012915149282368074,1.0,COLLAPSED,seedbench,Temperature Scaling (TS)
0.011682268395318891,1.168226839531889,0.05977045985737743,5.977045985737743,0.01532865317921233,0.21884992950876642,0.00017432049123358717,0.219024,0.0009788224287560782,0.0005730881419222792,0.4996438746438747,0.6294676756427497,0.3277695447146217,0.014541757432989195,1.0,COLLAPSED,seedbench,Platt Scaling (1D)
0.016344474415536818,1.6344474415536818,0.06894114099247195,6.894114099247195,0.0174116068188132,0.2190432083746894,-1.895837468940398e-05,0.219024,3.528586575320104e-06,0.00034715464972375073,0.49984476587040694,0.6299050719368203,0.3277076542515824,0.01838268289983304,0.9994979740478412,COLLAPSED,seedbench,Quadratic Platt (Logit-Only)
0.001114623930083813,0.1114623930083813,0.05957972258917968,5.957972258917968,0.017238431622676003,0.21886633629807867,0.00015791370192133614,0.219024,0.00017105312989458503,3.747173523220034e-05,0.4996438746438747,0.6295077000753486,0.3277695447146217,0.01761985698138164,1.0,COLLAPSED,seedbench,Beta Calibration
0.05546984924623111,5.546984924623111,0.0759560301507538,7.595603015075381,0.05546984924623111,0.2221009041753996,-0.0030766541753995957,0.219024,0.0,0.0030769041753996055,0.5,0.6373773445869487,0.27607595388389017,1.1102230246251565e-16,1.0,COLLAPSED,seedbench,Spline Calibration
0.011098125767733065,1.1098125767733065,0.08523312361157535,8.523312361157535,0.01059767527395044,0.2186308514987439,0.0003933985012561092,0.219024,2.7992297214785795e-05,0.00012410604354127683,0.5709876543209877,0.6289519023601724,0.2640605515229426,0.012996527060293868,0.7631652863014302,COLLAPSED,seedbench,Adaptive TS (ATS)
0.0005884873550895398,0.058848735508953975,0.06708242931119718,6.708242931119718,0.007440789039685382,0.21902427803717234,-2.8037172333794658e-08,0.219024,0.0,3.4631736710028206e-07,0.49821024179998546,0.6298484948226213,0.31906974417467443,2.4620374288658855e-06,0.1635475806735848,COLLAPSED,seedbench,Probability Margin (1D)
0.028426265031607546,2.8426265031607545,0.052424913529978086,5.242491352997809,0.030147297268153458,0.20758956514255025,0.01143468485744975,0.219024,0.012947942414174969,0.0015135075567252398,0.6274015632989992,0.604230157011722,0.24749045598748684,0.07950394379953432,0.14883344322140707,VALID,seedbench,MSSC (Multi-Scale Proxy)
0.000498554220370484,0.0498554220370484,0.05819770506095557,5.819770506095557,0.000498554220370484,0.21902424855631064,1.443689362501388e-09,0.219024,0.0,2.4855631064922117e-07,0.49989042296734604,0.6298484275757681,0.2845497544916084,3.813741331030777e-17,1.0,COLLAPSED,seedbench,MSE-EIGEN (Multi-Scale)
0.08148230644718193,8.148230644718193,0.09330130031898361,9.33013003189836,0.07408036865439954,0.21568408867255898,0.003340161327441027,0.219024,0.010369755110187506,0.007191246055840509,0.6287621447877858,0.6222251833336236,0.23931397610465194,0.02139265702264657,0.4554268348970333,VALID,seedbench,Residual Calibrator
0.02931736685515285,2.931736685515285,0.05606327598649951,5.606327598649951,0.024382812950833492,0.2079042622366103,0.01111998776338971,0.219024,0.011256485738613783,0.0011100675296858082,0.6337113740959895,0.604172834522153,0.23538490072733553,0.09326182276020695,0.1847219135178723,VALID,seedbench,Trajectory LR
0.03371333342989153,3.371333342989153,0.05991634348960549,5.991634348960549,0.03222542996700962,0.20762471185010045,0.011399538149899552,0.219024,0.013330876738452725,0.002104208569974055,0.6384049236613338,0.6044432290465157,0.24921106658603612,0.07997359736796908,-0.17688861410636095,SCRAMBLED,seedbench,Trajectory LR (No Bias)
0.029332285523414634,2.9332285523414634,0.0560587364435196,5.60587364435196,0.024382682416519003,0.20791182320562154,0.01111242679437846,0.219024,0.011256485738613783,0.001112952976128819,0.6337478997735408,0.6041863146107291,0.23537318305102461,0.09326972294746043,0.18505882384377553,VALID,seedbench,Trajectory Platt (5D)
0.043516503334045456,4.351650333404546,0.045710610032081614,4.571061003208161,0.027243333035274014,0.20703935547811764,0.011984894521882367,0.219024,0.01762466890697105,0.005228256786258585,0.6429706333552487,0.602816152393829,0.23651855701795135,0.10645390905672171,0.14445973900166956,VALID,seedbench,Trajectory Platt (17D)
0.06759589886346827,6.759589886346827,0.06824520257098896,6.824520257098896,0.05095317693240599,0.2107795645358461,0.008244685464153911,0.219024,0.01636210361681329,0.0087966641662774,0.6287438819490101,0.6104500837853657,0.23869421565503268,0.07973690677972269,0.4216048532693515,VALID,seedbench,VCPS-5D (Our Method)
0.07658861970072117,7.658861970072117,0.07824577199265986,7.8245771992659865,0.047226343582715234,0.20844478553915094,0.010579464460849064,0.219024,0.020148559873698017,0.010105834026447569,0.6385875520490905,0.6054023111999208,0.23538568202794022,0.09513335397524757,0.38899365493117655,VALID,seedbench,VCPS-17D (Our Method)
0.08315226077434688,8.315226077434689,0.09067325266560447,9.067325266560447,0.07983989703984823,0.17151351247150098,0.07002348752849905,0.241536,0.08048090925642694,0.011439449222644255,0.8315282193958665,0.5111958679213491,0.13242833522496958,0.25504423892101685,1.0,VALID,textvqa,Naive Confidence (NC)
0.08699271808766473,8.699271808766474,0.08918770138476177,8.918770138476177,0.07219491178720948,0.170936089950567,0.07060091004943303,0.241536,0.08386272603265399,0.012864383655871954,0.8315282193958665,0.5088969603363053,0.13242833522496958,0.24545073329751355,1.0,VALID,textvqa,Temperature Scaling (TS)
0.05013644534074693,5.013644534074693,0.06111676882050224,6.111676882050224,0.03635955920447101,0.16368466845668994,0.07785233154331009,0.241536,0.08293659237797302,0.003886398050626091,0.8315282193958665,0.4957233247729588,0.12405263878012367,0.2843281232387541,1.0,VALID,textvqa,Platt Scaling (1D)
0.04767061126644687,4.767061126644688,0.0474317821215824,4.743178212158241,0.023599051370936316,0.16234973983495554,0.07918726016504449,0.241536,0.08157766063789029,0.0035373368663460104,0.8315282193958665,0.501803108963792,0.1215989299312873,0.28702433178001213,0.9999990399961599,VALID,textvqa,Quadratic Platt (Logit-Only)
0.03939857477817011,3.9398574778170112,0.046936427643599454,4.693642764359946,0.022729083078470325,0.16226174958331024,0.07927525041668979,0.241536,0.08182263077661582,0.002643262658729031,0.8315282193958665,0.4980286319860991,0.12143767728994191,0.2886990628202975,1.0,VALID,textvqa,Beta Calibration
0.03703678245789443,3.7036782457894426,0.048622924816516165,4.862292481651616,0.025412044348535077,0.16241256184390704,0.07912443815609299,0.241536,0.08023719868684145,0.0023157040039511975,0.8315282193958665,0.4903224389201084,0.1224473710199756,0.27068739793641505,1.0,VALID,textvqa,Spline Calibration
0.07863234853057621,7.863234853057621,0.08463174067610206,8.463174067610206,0.07349467695380248,0.17066915777827507,0.07086784222172496,0.241536,0.0825036013834932,0.012113479011888051,0.8329689984101749,0.5075681821923087,0.13042569650437225,0.24661780426654822,0.9995761583046332,VALID,textvqa,Adaptive TS (ATS)
0.0009171022190289646,0.09171022190289646,0.06194669454201788,6.1946694542017875,0.0009171022190289646,0.2415368410764801,1.5892351992730092e-07,0.241536,0.0,8.41076480147851e-07,0.5,0.6761240858879319,0.3511754544306949,1.1102230246251565e-16,1.0,COLLAPSED,textvqa,Probability Margin (1D)
0.03364934895412364,3.3649348954123637,0.06338894546527805,6.338894546527805,0.03517822855498695,0.21298445282150397,0.028552547178496063,0.241536,0.03196873200085166,0.003417184822355648,0.7024046104928459,0.6149958257017881,0.2634429451298652,0.1497347378526148,0.42614035327260036,VALID,textvqa,MSSC (Multi-Scale Proxy)
0.04557402768913557,4.5574027689135574,0.07878844005107379,7.8788440051073785,0.031894501192594425,0.2395534135151122,0.0019835864848878337,0.241536,0.004860028122415214,0.003342872535601503,0.5553457869634341,0.671943156003864,0.3349735969994453,0.014320450375968208,0.0954442537770151,COLLAPSED,textvqa,MSE-EIGEN (Multi-Scale)
0.04501742540326904,4.501742540326904,0.06142402744247123,6.142402744247123,0.03434248774275614,0.1629314145796957,0.07860558542030432,0.241536,0.08371564303500531,0.0032567448559556026,0.8331180445151032,0.4938200112348796,0.12236922792600084,0.28566005531358385,0.999682046728187,VALID,textvqa,Residual Calibrator
0.06381017570899665,6.381017570899665,0.058841143299346546,5.884114329934655,0.024582739828258756,0.16011562327685264,0.08142137672314739,0.241536,0.08822133317167025,0.007491621346840252,0.8409181240063592,0.4851153774450966,0.11482831049078791,0.2918632979627887,0.978434185736743,VALID,textvqa,Trajectory LR
0.054932268911543854,5.493226891154386,0.06589712480508748,6.589712480508749,0.03132335986966476,0.16379466932078282,0.07774233067921721,0.241536,0.0833532915222446,0.005216005774680912,0.8336976682564918,0.4945527317374638,0.12235473511935822,0.2860208524836916,0.9757279349117397,VALID,textvqa,Trajectory LR (No Bias)
0.060169622041285044,6.016962204128505,0.058740715228021156,5.874071522802115,0.024552585959870737,0.16012464463909187,0.08141235536090816,0.241536,0.08702595841559271,0.006654651787251971,0.8408684419713832,0.48503232102378785,0.114719663551802,0.2911305426249593,0.9781396565586262,VALID,textvqa,Trajectory Platt (5D)
0.06649986054003239,6.6499860540032385,0.06024436198174954,6.0244361981749535,0.035942989589053426,0.1607733784115984,0.08076362158840164,0.241536,0.08825468213914264,0.006968414108234073,0.8405869104398516,0.48691989401953284,0.11643185544983953,0.29249071584559444,0.9593143652574609,VALID,textvqa,Trajectory Platt (17D)
0.05034190910193397,5.034190910193397,0.06122371643001772,6.122371643001772,0.03504326487367251,0.16260056501315398,0.07893643498684605,0.241536,0.08421200985300117,0.004038433310937034,0.8337307896131425,0.49230681186099245,0.12027656800071183,0.28685849807086805,0.9990990363961456,VALID,textvqa,VCPS-5D (Our Method)
0.05781210166729948,5.781210166729948,0.04019522764366949,4.0195227643669496,0.03154283564845653,0.16225594246435782,0.07928105753564221,0.241536,0.08377006041823522,0.00458328622390314,0.8347078696343402,0.4909240902363218,0.11856829619813922,0.2892008654746192,0.9972769491077964,VALID,textvqa,VCPS-17D (Our Method)
0.16711527379291144,16.711527379291145,0.16711527379291147,16.711527379291148,0.16784074150762593,0.19332382782664365,0.0478411721733564,0.24116400000000002,0.0831974746471921,0.03479748197572365,0.8350997661342489,0.575960471810271,0.1873813885243904,0.25303443201448717,1.0,VALID,vizwiz-vqa,Naive Confidence (NC)
0.15560025443375258,15.560025443375258,0.16034126066811227,16.034126066811226,0.15625361756185163,0.19451369425624346,0.04665130574375659,0.24116400000000002,0.0817350610725799,0.03533538247894138,0.8350997661342489,0.573026171403643,0.1873813885243904,0.20422406566747103,1.0,VALID,vizwiz-vqa,Temperature Scaling (TS)
0.06757015055271932,6.757015055271933,0.07688771884028368,7.688771884028369,0.044986800352030655,0.16424389956705363,0.07692110043294642,0.24116400000000002,0.08360033588025201,0.006531767343616176,0.8350997661342489,0.5000265442974131,0.12776405318046113,0.25589979040704447,1.0,VALID,vizwiz-vqa,Platt Scaling (1D)
0.07260690244419372,7.260690244419372,0.07806609622480391,7.806609622480392,0.04589309493634218,0.16469246267200469,0.07647253732799536,0.24116400000000002,0.082989644874529,0.007313415503333133,0.8350997661342489,0.5021592404191647,0.13004978138058074,0.2562980631370034,1.0,VALID,vizwiz-vqa,Quadratic Platt (Logit-Only)
0.07342309001574783,7.342309001574783,0.0780249089394594,7.80249089394594,0.04578779574474628,0.1647217410983016,0.07644325890169845,0.24116400000000002,0.08258703834886512,0.006927482697872466,0.8350997661342489,0.5025088380972422,0.13090280739851107,0.2570624138185785,1.0,VALID,vizwiz-vqa,Beta Calibration
0.07502741005557814,7.502741005557814,0.08366038409909485,8.366038409909486,0.052923568893952666,0.16453475542426158,0.07663024457573847,0.24116400000000002,0.08430058318498544,0.007316158758579917,0.8350997661342489,0.5049193364231203,0.12428685145045341,0.22379875479910016,1.0,VALID,vizwiz-vqa,Spline Calibration
0.1535718042961362,15.35718042961362,0.15402888512943538,15.40288851294354,0.15421991912709718,0.1939344846391725,0.047230515360827535,0.24116400000000002,0.08280677123661798,0.03613947183917661,0.8346685243236969,0.5712290982394903,0.18631074024790115,0.20651263159184388,0.9997408949635799,VALID,vizwiz-vqa,Adaptive TS (ATS)
0.0009151125335156718,0.09151125335156718,0.08392543279785498,8.392543279785498,0.0009151125335156718,0.241164837430949,1.6256905105427322e-07,0.24116400000000002,0.0,8.374309489974716e-07,0.5,0.6753713175387158,0.47913833194793676,5.551115123125783e-17,1.0,COLLAPSED,vizwiz-vqa,Probability Margin (1D)
0.026868148089946697,2.6868148089946695,0.08372439175925711,8.372439175925711,0.026675048708870268,0.22862299368668468,0.012542006313315368,0.24116400000000002,0.01298717416449153,0.0010646942721545486,0.6337098406063923,0.6488781926229712,0.298466167882218,0.08469985266317154,0.3853327200515668,VALID,vizwiz-vqa,MSSC (Multi-Scale Proxy)
0.0010087720640128417,0.10087720640128417,0.09062978780329788,9.062978780329788,0.004372215206793254,0.2410740665430054,9.093345699465183e-05,0.24116400000000002,0.0,1.0176210771327287e-06,0.49204690584000926,0.6751835574250633,0.45660663479531244,0.0018957135965519832,-0.13001716006864025,COLLAPSED,vizwiz-vqa,MSE-EIGEN (Multi-Scale)
0.06909565264691907,6.909565264691906,0.07380949181523555,7.380949181523555,0.044928513940190845,0.16404950072757243,0.07711549927242761,0.24116400000000002,0.08435469596217933,0.006760799211713198,0.8354646630508701,0.49950434359299006,0.1273737977587841,0.2566857659414972,0.9999325117300469,VALID,vizwiz-vqa,Residual Calibrator
0.061833330000176226,6.1833330000176225,0.07074967137808655,7.074967137808655,0.045939822082546766,0.16332087523828517,0.07784412476171487,0.24116400000000002,0.08326408514011344,0.006032750671531112,0.8376872169975618,0.49728701672062753,0.12525754041339193,0.2570207398823126,0.9970853323413292,VALID,vizwiz-vqa,Trajectory LR
0.0663809454726649,6.6380945472664905,0.06221051738678453,6.221051738678453,0.04598027164853124,0.16354881228477347,0.07761618771522658,0.24116400000000002,0.08320417785200523,0.006116610800791115,0.8356968701796288,0.49839432069189427,0.12669578494528694,0.25761129439060027,0.9806194424777698,VALID,vizwiz-vqa,Trajectory LR (No Bias)
0.06204771016910673,6.204771016910673,0.0708762660212815,7.08762660212815,0.04607850126824758,0.16333806405592227,0.07782693594407777,0.24116400000000002,0.08309078436681266,0.005980080200439155,0.8377038032210447,0.49731390437301576,0.1253009973883194,0.25671586955995257,0.9970381961527846,VALID,vizwiz-vqa,Trajectory Platt (5D)
0.043856246139155695,4.38562461391557,0.04078155937348492,4.078155937348492,0.021436065776303453,0.16527217171430508,0.07589282828569496,0.24116400000000002,0.07710215092921306,0.002865946624524157,0.8299912093015541,0.49830810295617406,0.12464980930818825,0.2650285356879371,0.951994623978496,VALID,vizwiz-vqa,Trajectory Platt (17D)
0.06789581337781077,6.789581337781077,0.07395475710047103,7.395475710047103,0.0451363607626381,0.16400100558093278,0.07716399441906727,0.24116400000000002,0.08381421249515689,0.00642397187920985,0.8355807666152493,0.4992226831602809,0.12704055899685507,0.2563649293401047,0.9998861435445743,VALID,vizwiz-vqa,VCPS-5D (Our Method)
0.06756986695859339,6.756986695859339,0.06676970206851328,6.676970206851328,0.04190193410103389,0.16332096730261655,0.07784403269738349,0.24116400000000002,0.08266993261218394,0.005889316404523287,0.8368413195999403,0.49673063564585573,0.12477866802581818,0.25774207103445224,0.9967586430345721,VALID,vizwiz-vqa,VCPS-17D (Our Method)
0.08507151883840561,8.50715188384056,0.08063213497400284,8.063213497400284,0.06270521071006138,0.1426775158591738,0.026666734140826237,0.169344,0.03644612107679375,0.01052310751988883,0.7557397959183674,0.5245240289994385,0.11904533080084118,0.23631248527192425,1.0,VALID,vqav2,Naive Confidence (NC)
0.10480537304968789,10.480537304968788,0.10513359016819102,10.513359016819102,0.09906303536532754,0.14951930763225946,0.019824942367740572,0.169344,0.035025095870896895,0.01538876518772378,0.7557397959183674,0.4824817331091145,0.11904533080084118,0.19377244097271076,1.0,VALID,vqav2,Temperature Scaling (TS)
0.07125414383246062,7.125414383246062,0.09713643142164026,9.713643142164026,0.05984166985290314,0.14546138531949948,0.02388286468050055,0.169344,0.03215134184487513,0.009373253498043242,0.7557397959183674,0.46481864233027737,0.12036227804578127,0.12283441490240651,1.0,VALID,vqav2,Platt Scaling (1D)
0.03691758064253779,3.6917580642537793,0.054545693635065284,5.454569363506528,0.02456761815128005,0.13741095687378288,0.03193329312621715,0.169344,0.03544375584114335,0.003753980657533827,0.769038170823885,0.43542705027854145,0.09397933145210276,0.1676059525325698,0.8829045876183503,VALID,vqav2,Quadratic Platt (Logit-Only)
0.05111462856285043,5.111462856285042,0.06575559583424921,6.575559583424921,0.02353622693300368,0.1372883173779293,0.03205593262207074,0.169344,0.038855892109137036,0.006099024477422331,0.7557397959183674,0.43718930413492785,0.11943171211567631,0.17697740296700024,1.0,VALID,vqav2,Beta Calibration
0.05106026920437626,5.106026920437626,0.08208919842414378,8.208919842414378,0.03851613747629479,0.14200220972157307,0.02734204027842696,0.169344,0.033531821309180455,0.006917130689183758,0.7619992441421013,0.44783198191816065,0.10011700406181298,0.13978907387665002,0.9659595955896713,VALID,vqav2,Spline Calibration
0.08721449314958778,8.721449314958777,0.09068381381965951,9.068381381965951,0.08558083815876395,0.14584024278188706,0.023504007218112966,0.169344,0.035115604266999216,0.011689802643462689,0.7680697278911565,0.4643317118885164,0.10671680297058428,0.19993181567306648,0.9941962007848032,VALID,vqav2,Adaptive TS (ATS)
0.0005254010319201141,0.05254010319201141,0.09815614247821361,9.815614247821362,0.008189250931933435,0.1693432424670828,1.007532917235432e-06,0.169344,0.0,2.760462443427208e-07,0.4448459939531368,0.5217963315787358,0.27483193699992525,0.0011561422990779505,-0.08216785151451961,COLLAPSED,vqav2,Probability Margin (1D)
0.046943072608113326,4.694307260811333,0.05812418403736216,5.812418403736216,0.04761430437264456,0.15655171945746488,0.012792530542535152,0.169344,0.016239061728395066,0.0035872683208795506,0.6594860166288736,0.48860174977388005,0.16823882240156232,0.13376639783197358,0.292033102614357,VALID,vqav2,MSSC (Multi-Scale Proxy)
0.0003952020406116086,0.03952020406116086,0.06733822750264469,6.733822750264469,0.005051375843790195,0.1692593665059747,8.488349402532847e-05,0.169344,0.0,1.5618465290357952e-07,0.49395313681027964,0.5215465208522387,0.19549781359764054,0.0015272874182125451,-0.32668210672842696,COLLAPSED,vqav2,MSE-EIGEN (Multi-Scale)
0.05974209591082812,5.974209591082812,0.07772444958879073,7.772444958879072,0.05031527845661991,0.1431977724985425,0.026146477501457516,0.169344,0.03304704746041706,0.007427531474194836,0.7637707860922146,0.4564617617866461,0.11470809873653462,0.13164805974751706,0.9934833979335915,VALID,vqav2,Residual Calibrator
0.0683359985324924,6.833599853249241,0.07871445508325242,7.871445508325242,0.05223196059079347,0.1438545942603623,0.02548965573963774,0.169344,0.03634516495970154,0.011923422947064917,0.7820767195767195,0.4392518695004244,0.08697485624175079,0.17731797378436195,0.7648201792807171,VALID,vqav2,Trajectory LR
0.06764370484116768,6.764370484116768,0.06481890866297385,6.481890866297385,0.047087882646644194,0.1408752712492925,0.02846897875070753,0.169344,0.035883687487433764,0.00830439994868943,0.7912651171579742,0.43220902428031144,0.08205753188363335,0.13944091680992954,0.8530221640886564,VALID,vqav2,Trajectory LR (No Bias)
0.06836663383245467,6.836663383245467,0.07872266358137131,7.872266358137131,0.0522170293389926,0.14385496703498554,0.025489282965014487,0.169344,0.03634516495970154,0.011919712133370255,0.7819822373393802,0.4392581090293305,0.08703770787558157,0.17722353170810126,0.7640872163488653,VALID,vqav2,Trajectory Platt (5D)
0.04859751550853253,4.859751550853253,0.04692346782982348,4.692346782982348,0.03611978594033221,0.13897715639056848,0.030367093609431545,0.169344,0.03513199054358573,0.0050386026938944225,0.7914304610733184,0.4304823241397201,0.08424237261093558,0.19786510477053598,0.6770557642230569,VALID,vqav2,Trajectory Platt (17D)
0.04570873041833942,4.570873041833942,0.06984326428116548,6.984326428116548,0.04410201487402151,0.1420311404618216,0.02731310953817842,0.169344,0.03325324288790769,0.00628368097247037,0.7713293650793651,0.4493319687989292,0.1074841811140832,0.13294354050548604,0.9882868011472045,VALID,vqav2,VCPS-5D (Our Method)
0.045557561374294515,4.5557561374294515,0.048223022962592864,4.822302296259286,0.03181265732651849,0.13929643569500427,0.030047814304995757,0.169344,0.033201277879851714,0.0034472262873491972,0.7827144746787604,0.4369436969147631,0.09544229679781105,0.14322305169429672,0.96037353749415,VALID,vqav2,VCPS-17D (Our Method)
