dataset,cardinality,subset,has_x1,ada_ece,ece,brier,auroc,ada_ece_percent,ece_percent
ai2d,1,x1,True,0.056301519660807,0.050260376618215766,0.2023406498743618,0.7380805949150838,5.6301519660807005,5.026037661821577
ai2d,1,x2,False,0.04385841685063822,0.012162024536029799,0.2359140138054434,0.6042970555723043,4.385841685063822,1.2162024536029798
ai2d,1,x3,False,0.07567208310634553,0.017659357829518406,0.2477140731597709,0.5194372424881921,7.567208310634553,1.7659357829518405
ai2d,1,x4,False,0.0515707165062191,0.03675478439430156,0.23853144300321844,0.6016621445080897,5.157071650621909,3.6754784394301563
ai2d,1,x5,False,0.03594760225186383,0.007083392039212509,0.24866220370063946,0.5002311325494925,3.5947602251863833,0.7083392039212509
ai2d,2,x1+x2,True,0.05625921555884014,0.04942672391896293,0.20265343536450087,0.7370234147321877,5.625921555884014,4.942672391896293
ai2d,2,x1+x3,True,0.05723673619561821,0.04875707442242655,0.20208323028157707,0.7392101296352125,5.723673619561821,4.875707442242655
ai2d,2,x1+x4,True,0.053754103086021736,0.04732205440344814,0.20258632259531975,0.7367942920309516,5.375410308602174,4.7322054403448135
ai2d,2,x1+x5,True,0.05472852847788068,0.049417034240345464,0.20194514245378756,0.7378072555522058,5.472852847788068,4.9417034240345465
ai2d,2,x2+x3,False,0.08575155134177714,0.07433681015019653,0.23486196298653217,0.6177791176766154,8.575155134177715,7.433681015019652
ai2d,2,x2+x4,False,0.044691333871425425,0.006270220720447054,0.2359809608346789,0.6051813888051452,4.469133387142542,0.6270220720447054
ai2d,2,x2+x5,False,0.04141127749810021,0.016602445016368633,0.23588364971487924,0.6149633202693198,4.141127749810021,1.6602445016368632
ai2d,2,x3+x4,False,0.10811316138619034,0.05483381533951868,0.2375837874768751,0.6169390011054166,10.811316138619034,5.483381533951868
ai2d,2,x3+x5,False,0.0717438456616892,0.012942847178182096,0.2477904657161911,0.5262787659531706,7.1743845661689205,1.2942847178182095
ai2d,2,x4+x5,False,0.03864911014016082,0.035383706918743665,0.23847886170279137,0.6105396442568586,3.8649110140160823,3.5383706918743667
ai2d,3,x1+x2+x3,True,0.061498356603925754,0.058700572490740205,0.20228256028286395,0.7381690282383679,6.149835660392576,5.87005724907402
ai2d,3,x1+x2+x4,True,0.05451950407914677,0.05808513951170996,0.20261924923254554,0.7371440056275751,5.451950407914677,5.808513951170996
ai2d,3,x1+x2+x5,True,0.054329631574577486,0.053146535385520076,0.20220311877795694,0.7363440860215055,5.432963157457749,5.314653538552007
ai2d,3,x1+x3+x4,True,0.057795719357724686,0.058601431665629575,0.20219179223335618,0.7380725555220581,5.779571935772468,5.860143166562957
ai2d,3,x1+x3+x5,True,0.048236813547026865,0.052349765951024814,0.20207335901432558,0.7388121796804341,4.823681354702686,5.234976595102482
ai2d,3,x1+x4+x5,True,0.04874611150176585,0.0479894743724693,0.2021236373060082,0.7359622148527785,4.874611150176586,4.79894743724693
ai2d,3,x2+x3+x4,False,0.09984930343613753,0.07534511997559343,0.23492818709361285,0.6176906843533313,9.984930343613753,7.534511997559343
ai2d,3,x2+x3+x5,False,0.07616643595511768,0.06855183153904609,0.23495728419395973,0.6205929052356547,7.616643595511769,6.855183153904609
ai2d,3,x2+x4+x5,False,0.040971232861398255,0.010535944465988403,0.2359542555622633,0.6152487187217365,4.0971232861398255,1.0535944465988403
ai2d,3,x3+x4+x5,False,0.10555693129669222,0.059250233855016377,0.23762559240794057,0.6203396643553413,10.555693129669223,5.925023385501637
ai2d,4,x1+x2+x3+x4,True,0.059366370022002506,0.062485809801207076,0.20223686541922914,0.7380524570394935,5.936637002200251,6.248580980120708
ai2d,4,x1+x2+x3+x5,True,0.05553450980469751,0.053646707266355564,0.20226318584153538,0.7375700934579439,5.553450980469751,5.364670726635556
ai2d,4,x1+x2+x4+x5,True,0.04818880939250495,0.05171719617771845,0.20217254928030462,0.736866646568184,4.818880939250495,5.171719617771845
ai2d,4,x1+x3+x4+x5,True,0.050822351234316325,0.05695949209840549,0.2021744711194424,0.7373409707567078,5.082235123431633,5.695949209840549
ai2d,4,x2+x3+x4+x5,False,0.09436221755526496,0.06799462053604491,0.23502999974455327,0.62076575218571,9.436221755526496,6.799462053604491
ai2d,5,x1+x2+x3+x4+x5,True,0.05472666733699984,0.05400197791981329,0.20221577944039879,0.7376223495126117,5.472666733699984,5.400197791981329
chartqa,1,x1,True,0.061106315811471586,0.01764449574834795,0.09703531322273694,0.570866668725996,6.1106315811471585,1.7644495748347948
chartqa,1,x2,False,0.01810910451809715,0.00100211535941523,0.09615822944002682,0.5831248262440923,1.810910451809715,0.100211535941523
chartqa,1,x3,False,0.046277523807614046,5.895089731015879e-05,0.09727054265359393,0.46098085853437537,4.627752380761405,0.005895089731015879
chartqa,1,x4,False,0.030662713670478608,0.00677934102106882,0.09625555292710716,0.5799328658655876,3.066271367047861,0.677934102106882
chartqa,1,x5,False,0.02378613741077546,0.011223725490616392,0.09637847863182014,0.5721897877861181,2.378613741077546,1.1223725490616392
chartqa,2,x1+x2,True,0.05361426134646079,0.02289084312797309,0.09574510844783753,0.6053707307529937,5.361426134646079,2.2890843127973093
chartqa,2,x1+x3,True,0.05828205065877398,0.018255181636574597,0.09735093136873749,0.5569764927563092,5.828205065877398,1.8255181636574598
chartqa,2,x1+x4,True,0.05801627814516207,0.018821522290681486,0.09606377482550119,0.5960831557161831,5.801627814516206,1.8821522290681485
chartqa,2,x1+x5,True,0.03232488699608185,0.005846557796659019,0.0960407145283776,0.6080066722268558,3.232488699608185,0.5846557796659019
chartqa,2,x2+x3,False,0.03328847692908448,0.002467995834233467,0.09633040035376148,0.5740895190436476,3.328847692908448,0.2467995834233467
chartqa,2,x2+x4,False,0.0327319116279906,0.0035122991161884247,0.09670938213357752,0.5447080385918306,3.2731911627990598,0.3512299116188425
chartqa,2,x2+x5,False,0.022189235646622625,0.01242195901123097,0.09541259403827623,0.6408838641254544,2.2189235646622625,1.2421959011230972
chartqa,2,x3+x4,False,0.027540015414061942,0.003904359512932755,0.09644059071774384,0.5727612516603343,2.7540015414061942,0.39043595129327546
chartqa,2,x3+x5,False,0.03150391819772972,0.010395729600454803,0.09640194014234857,0.5803601766904519,3.150391819772972,1.0395729600454804
chartqa,2,x4+x5,False,0.030701210933068396,0.01211469223853537,0.09552575380615513,0.6267929035513132,3.0701210933068395,1.211469223853537
chartqa,3,x1+x2+x3,True,0.05093335535908276,0.02347857543311307,0.09597696476396664,0.598296934688372,5.093335535908277,2.347857543311307
chartqa,3,x1+x2+x4,True,0.053642352953223206,0.02036225266847357,0.09625666868197318,0.5861365953109072,5.36423529532232,2.036225266847357
chartqa,3,x1+x2+x5,True,0.031374127831798826,0.009101452476709493,0.09455749005769513,0.6523440315489246,3.1374127831798826,0.9101452476709493
chartqa,3,x1+x3+x4,True,0.0396354769565175,0.018683312576870753,0.09632281910636482,0.5884121541613897,3.96354769565175,1.8683312576870752
chartqa,3,x1+x3+x5,True,0.025327980818356816,0.007145864392009222,0.09642081787610306,0.5982145615173139,2.5327980818356814,0.7145864392009222
chartqa,3,x1+x4+x5,True,0.033436485466605326,0.012969404230308361,0.0950294890607798,0.6413369165662743,3.343648546660533,1.2969404230308361
chartqa,3,x2+x3+x4,False,0.03624518318583446,0.001120168692905767,0.09690069163219975,0.5378350271316632,3.624518318583446,0.11201686929057669
chartqa,3,x2+x3+x5,False,0.041253440752825325,0.025751632512726604,0.09552178098690228,0.6510157641656112,4.125344075282532,2.5751632512726603
chartqa,3,x2+x4+x5,False,0.030547873435891038,0.01183237777789012,0.0961298455268709,0.6167794149445525,3.054787343589104,1.183237777789012
chartqa,3,x3+x4+x5,False,0.0269191121127684,0.023989413735985152,0.09572278573783403,0.636312153131725,2.69191121127684,2.3989413735985154
chartqa,4,x1+x2+x3+x4,True,0.044802066775650705,0.01893621299462299,0.09651034454672222,0.5794128852232827,4.480206677565071,1.893621299462299
chartqa,4,x1+x2+x3+x5,True,0.028631663999346763,0.010993151230299657,0.09498090041523712,0.6502435156869408,2.863166399934676,1.0993151230299658
chartqa,4,x1+x2+x4+x5,True,0.03421170273273337,0.008174144782355891,0.09525739539771175,0.6365798659376641,3.421170273273337,0.8174144782355891
chartqa,4,x1+x3+x4+x5,True,0.035916008087739995,0.014220099843373996,0.09550875096403848,0.6388966113736755,3.5916008087739995,1.4220099843373997
chartqa,4,x2+x3+x4+x5,False,0.03483222583318335,0.022885815873017284,0.09627769863349177,0.6302886149980952,3.483222583318335,2.2885815873017283
chartqa,5,x1+x2+x3+x4+x5,True,0.03463310943063368,0.011470240160188525,0.09569826607619732,0.6350765555658522,3.4633109430633677,1.1470240160188525
docvqa,1,x1,True,0.021400759496908908,0.003326885165809461,0.03841161068321098,0.5990364583333333,2.1400759496908908,0.3326885165809461
docvqa,1,x2,False,0.019930911293522244,0.00018350000104007435,0.038139676540942705,0.6015104166666666,1.9930911293522244,0.018350000104007433
docvqa,1,x3,False,0.018486760981909798,0.004367037962825195,0.03833277781874675,0.5263020833333333,1.8486760981909798,0.43670379628251954
docvqa,1,x4,False,0.01818964490466703,0.0024446004551552077,0.03811199408613291,0.6259244791666667,1.818964490466703,0.24446004551552078
docvqa,1,x5,False,0.017586852792161035,0.0013523084370760231,0.038191838911499076,0.6041666666666667,1.7586852792161034,0.13523084370760233
docvqa,2,x1+x2,True,0.016684793797371686,0.0013031994815354314,0.038274240244863256,0.6200520833333333,1.6684793797371686,0.13031994815354314
docvqa,2,x1+x3,True,0.019758380051697565,0.000945869950585125,0.03828607473139161,0.5573697916666668,1.9758380051697566,0.09458699505851251
docvqa,2,x1+x4,True,0.021617113969765137,0.004185748370936469,0.038213321419141195,0.6307291666666667,2.161711396976514,0.41857483709364685
docvqa,2,x1+x5,True,0.016445016439018804,0.0037839452841329003,0.03817362748227133,0.6140625,1.6445016439018805,0.37839452841329
docvqa,2,x2+x3,False,0.024779286529924463,0.0015462338574156222,0.03804896435516055,0.5745572916666667,2.4779286529924462,0.1546233857415622
docvqa,2,x2+x4,False,0.021153191903448623,0.000509304995000711,0.03813689057562478,0.6142447916666667,2.1153191903448625,0.0509304995000711
docvqa,2,x2+x5,False,0.0110536042649806,0.0028701763399156272,0.037973614904991806,0.6593098958333333,1.1053604264980599,0.2870176339915627
docvqa,2,x3+x4,False,0.02649369338392111,0.005812343994768444,0.038039526861910214,0.6083593749999999,2.649369338392111,0.5812343994768444
docvqa,2,x3+x5,False,0.015380312398209006,0.0055743592202699924,0.03805109580614455,0.5690364583333333,1.5380312398209006,0.5574359220269992
docvqa,2,x4+x5,False,0.017481542480779398,0.0023868963225068427,0.03789709607221481,0.6564453124999999,1.7481542480779397,0.23868963225068426
docvqa,3,x1+x2+x3,True,0.02473416186092185,0.0024464170044303474,0.03812854414673298,0.5837239583333333,2.473416186092185,0.24464170044303474
docvqa,3,x1+x2+x4,True,0.028829916286670747,0.0007343368517783149,0.03825359018049348,0.6223958333333334,2.8829916286670745,0.0734336851778315
docvqa,3,x1+x2+x5,True,0.02013479142805559,0.00553794507687208,0.03809196407846926,0.6582552083333334,2.013479142805559,0.553794507687208
docvqa,3,x1+x3+x4,True,0.030098450262878426,0.0037977180634528977,0.03809876627270054,0.608828125,3.0098450262878425,0.3797718063452898
docvqa,3,x1+x3+x5,True,0.017344334040579744,0.0038434245115666066,0.03807705856444518,0.5796354166666667,1.7344334040579743,0.38434245115666066
docvqa,3,x1+x4+x5,True,0.014157787819784638,0.003383753381988186,0.037979304461119044,0.6538802083333333,1.4157787819784637,0.3383753381988186
docvqa,3,x2+x3+x4,False,0.027478522924448984,0.0010271850813496975,0.038058951121296765,0.5904427083333333,2.7478522924448985,0.10271850813496974
docvqa,3,x2+x3+x5,False,0.017955535430884528,0.005395386386667135,0.03793365542164401,0.6215625,1.7955535430884528,0.5395386386667135
docvqa,3,x2+x4+x5,False,0.013495050345669252,0.002740579365257258,0.03797712033388697,0.6510026041666667,1.349505034566925,0.2740579365257258
docvqa,3,x3+x4+x5,False,0.018102498995459373,0.004729597556669178,0.03788209794484418,0.6325260416666667,1.8102498995459373,0.47295975566691784
docvqa,4,x1+x2+x3+x4,True,0.0250822918840761,0.002837032094128766,0.03813640020843975,0.5948697916666666,2.50822918840761,0.28370320941287663
docvqa,4,x1+x2+x3+x5,True,0.010468651871061383,0.0062683543444208515,0.03800177111814674,0.6238802083333332,1.0468651871061383,0.6268354344420851
docvqa,4,x1+x2+x4+x5,True,0.01626859880455734,0.0055652044553483986,0.03807279572101468,0.6515364583333333,1.626859880455734,0.5565204455348398
docvqa,4,x1+x3+x4+x5,True,0.017281312503900293,0.005226006211130875,0.0379315573106171,0.6311197916666667,1.7281312503900292,0.5226006211130875
docvqa,4,x2+x3+x4+x5,False,0.0147563756052573,0.005191449392343435,0.037963423100201385,0.6250260416666668,1.47563756052573,0.5191449392343436
docvqa,5,x1+x2+x3+x4+x5,True,0.018628885194765108,0.005589741854254257,0.03801723899069899,0.6246875000000001,1.8628885194765108,0.5589741854254258
gqa,1,x1,True,0.05251715678887322,0.03522030287976621,0.1812041811872748,0.7701339909140726,5.251715678887322,3.522030287976621
gqa,1,x2,False,0.03165684941957241,0.03587901070384658,0.21787932393774156,0.6030121440313942,3.1656849419572413,3.587901070384658
gqa,1,x3,False,0.048013620409745245,0.059457967327429695,0.20252304659518466,0.7091221650669071,4.801362040974524,5.94579673274297
gqa,1,x4,False,0.027464252642409873,0.018103863972828288,0.21701541507729064,0.6069143200579804,2.746425264240987,1.8103863972828287
gqa,1,x5,False,0.05008450905125412,0.035075855976526876,0.21702232993913984,0.6095901610365735,5.008450905125412,3.5075855976526875
gqa,2,x1+x2,True,0.04879166384931717,0.028735286968214774,0.181433123248259,0.7687596118152411,4.879166384931717,2.8735286968214773
gqa,2,x1+x3,True,0.03568568850020159,0.026660447390423496,0.182110507733322,0.7682602393452476,3.5685688500201587,2.6660447390423494
gqa,2,x1+x4,True,0.0483482997784525,0.03754709192382803,0.18125845756643463,0.7699351257711549,4.83482997784525,3.754709192382803
gqa,2,x1+x5,True,0.03547732077252396,0.03438140922761185,0.18135354929551864,0.7685430697707306,3.547732077252396,3.4381409227611845
gqa,2,x2+x3,False,0.05846211691612459,0.058617257195701725,0.19946516970299208,0.7212175849817044,5.846211691612459,5.861725719570172
gqa,2,x2+x4,False,0.028674636750894832,0.018757809334536774,0.2169811111792752,0.6043511693270404,2.8674636750894833,1.8757809334536772
gqa,2,x2+x5,False,0.052511639498138384,0.03227934975190745,0.21041168158892803,0.6570857860034292,5.251163949813838,3.2279349751907453
gqa,2,x3+x4,False,0.06075858137839123,0.05230804931953049,0.19934985515573264,0.7214297078008165,6.0758581378391225,5.230804931953049
gqa,2,x3+x5,False,0.06235535152910446,0.048195547886605766,0.20048033493236864,0.7111505895246681,6.235535152910446,4.819554788660577
gqa,2,x4+x5,False,0.04756840473487515,0.04558717408349121,0.2103730710401975,0.6601107457884782,4.7568404734875145,4.55871740834912
gqa,3,x1+x2+x3,True,0.03670396026426766,0.02416331460164206,0.18241914221527053,0.766523483763766,3.670396026426766,2.416331460164206
gqa,3,x1+x2+x4,True,0.044714020293051694,0.03681603736164936,0.18152023655619043,0.7687993848438246,4.471402029305169,3.681603736164936
gqa,3,x1+x2+x5,True,0.03804059892401958,0.03793057870813206,0.18158488891911675,0.7676371285641053,3.8040598924019577,3.793057870813206
gqa,3,x1+x3+x4,True,0.0369526623919953,0.03049503018821747,0.1822696454750059,0.7676503862402998,3.69526623919953,3.049503018821747
gqa,3,x1+x3+x5,True,0.03866192752586545,0.04479560357599637,0.1822030285257635,0.7673322020116313,3.866192752586545,4.479560357599637
gqa,3,x1+x4+x5,True,0.03352956477979936,0.029764077844211957,0.18141147524334428,0.768039278075339,3.3529564779799363,2.9764077844211956
gqa,3,x2+x3+x4,False,0.05367872770636786,0.05984382144303178,0.1993059349736852,0.721310388715066,5.367872770636787,5.984382144303178
gqa,3,x2+x3+x5,False,0.0513948870883052,0.03447522955438246,0.1972575262476448,0.7228350214774354,5.13948870883052,3.447522955438246
gqa,3,x2+x4+x5,False,0.04619314848834135,0.027586276521476424,0.21039622930553983,0.6595914868041929,4.619314848834135,2.7586276521476423
gqa,3,x3+x4+x5,False,0.05518796867649254,0.037224944031593495,0.19754180210261751,0.7234669707093742,5.518796867649254,3.7224944031593497
gqa,4,x1+x2+x3+x4,True,0.037259550699276625,0.025593682441361117,0.182554324082643,0.7661655265065139,3.7259550699276627,2.559368244136112
gqa,4,x1+x2+x3+x5,True,0.052457115089066884,0.045646894992765745,0.1825063270119693,0.7659313075604108,5.245711508906688,4.564689499276574
gqa,4,x1+x2+x4+x5,True,0.03526416156421943,0.04250480181198431,0.18169911704703504,0.7673587173640204,3.526416156421943,4.250480181198431
gqa,4,x1+x3+x4+x5,True,0.05025271148901907,0.054466950148313056,0.1823600149909114,0.7665853529193403,5.025271148901907,5.446695014831306
gqa,4,x2+x3+x4+x5,False,0.05642279859928663,0.029698455206048566,0.19740347324046628,0.7226980254900922,5.642279859928663,2.9698455206048564
gqa,5,x1+x2+x3+x4+x5,True,0.054363949668170874,0.048639526312416984,0.18267703327755702,0.7654186774142229,5.436394966817088,4.863952631241698
infographicvqa,1,x1,True,0.006531398789203823,5.279358570600776e-05,0.006944213904535267,0.6833549129621637,0.6531398789203823,0.005279358570600776
infographicvqa,1,x2,False,0.008931530941710224,3.571089344382716e-05,0.006966614069667422,0.45770392749244715,0.8931530941710224,0.0035710893443827163
infographicvqa,1,x3,False,0.009294351219208134,5.1495769967978625e-06,0.006954759802118726,0.4648252050064739,0.9294351219208133,0.0005149576996797862
infographicvqa,1,x4,False,0.008589535134010751,4.5288272335059984e-05,0.006957944655158545,0.5298518198820314,0.8589535134010751,0.004528827233505998
infographicvqa,1,x5,False,0.009405154044245457,1.7026856846329846e-05,0.006956781137138698,0.5694864048338368,0.9405154044245457,0.0017026856846329846
infographicvqa,2,x1+x2,True,0.007877176368375323,0.00010189938408562953,0.006966668870213364,0.6486836426413465,0.7877176368375323,0.010189938408562953
infographicvqa,2,x1+x3,True,0.006279276020535645,6.801227390518423e-05,0.006941514100577681,0.7059415911379657,0.6279276020535645,0.006801227390518423
infographicvqa,2,x1+x4,True,0.007887794174480224,9.51964847088621e-05,0.0069553650505735885,0.6737160120845921,0.7887794174480224,0.00951964847088621
infographicvqa,2,x1+x5,True,0.009758944796902213,5.492485596950928e-05,0.0069523821819976,0.678031937850669,0.9758944796902213,0.005492485596950928
infographicvqa,2,x2+x3,False,0.01001840468529805,2.4366354993303474e-05,0.006967112083261255,0.4695727233491584,1.001840468529805,0.0024366354993303474
infographicvqa,2,x2+x4,False,0.008659747269145984,3.645640073896613e-05,0.006965601295169949,0.4897137102575169,0.8659747269145984,0.003645640073896613
infographicvqa,2,x2+x5,False,0.008476997817844197,2.0514038619926823e-05,0.006967676993144492,0.5836570277657891,0.8476997817844197,0.0020514038619926823
infographicvqa,2,x3+x4,False,0.009553890422969813,3.276054466685302e-05,0.00695864247488762,0.5422241404114516,0.9553890422969813,0.003276054466685302
infographicvqa,2,x3+x5,False,0.010516429128290644,2.8335032444558317e-05,0.006952057934402413,0.6311322111926341,1.0516429128290645,0.0028335032444558317
infographicvqa,2,x4+x5,False,0.010095709813315932,1.5188969995675108e-05,0.006956500239636944,0.6293339087901021,1.0095709813315932,0.0015188969995675108
infographicvqa,3,x1+x2+x3,True,0.007612085328516304,0.00011538096789262021,0.006966183973273456,0.6737160120845922,0.7612085328516304,0.011538096789262021
infographicvqa,3,x1+x2+x4,True,0.008214915442466155,0.00012374485105558653,0.00696641456195937,0.6584664077111206,0.8214915442466155,0.012374485105558653
infographicvqa,3,x1+x2+x5,True,0.00773743926385721,0.0003845303863685231,0.006971708062749721,0.6473888649115235,0.773743926385721,0.03845303863685231
infographicvqa,3,x1+x3+x4,True,0.0076781441692327845,8.960480591688105e-05,0.006955237622898409,0.6975974679902172,0.7678144169232785,0.008960480591688105
infographicvqa,3,x1+x3+x5,True,0.006468930687832924,3.6507562285869634e-05,0.006941803597331181,0.7260825780463243,0.6468930687832923,0.0036507562285869634
infographicvqa,3,x1+x4+x5,True,0.005417814677569714,0.00034211215018843433,0.006957692386861219,0.6691123579341102,0.5417814677569713,0.03421121501884343
infographicvqa,3,x2+x3+x4,False,0.010678638297196511,4.8835022937989726e-05,0.006966263302294182,0.5025176233635448,1.0678638297196512,0.004883502293798973
infographicvqa,3,x2+x3+x5,False,0.010056034160880356,3.3515136638021664e-05,0.006959964860407164,0.6271040138109624,1.0056034160880356,0.0033515136638021664
infographicvqa,3,x2+x4+x5,False,0.009151347498104511,4.371597216105017e-05,0.006966349012126614,0.5961012803913106,0.9151347498104512,0.004371597216105017
infographicvqa,3,x3+x4+x5,False,0.008441288799584069,2.3933846584853723e-05,0.006947624311269253,0.6860883326140124,0.8441288799584069,0.0023933846584853723
infographicvqa,4,x1+x2+x3+x4,True,0.007903337479116661,0.0001254316763993242,0.00696711265452888,0.6807653575025177,0.7903337479116661,0.01254316763993242
infographicvqa,4,x1+x2+x3+x5,True,0.0052315124652972875,0.0004715135405536108,0.006964947816217956,0.6954395051071789,0.5231512465297288,0.047151354055361076
infographicvqa,4,x1+x2+x4+x5,True,0.007585286870040972,0.00036561500905075273,0.006969403423454864,0.6565961732124874,0.7585286870040971,0.036561500905075275
infographicvqa,4,x1+x3+x4+x5,True,0.004635565100675258,0.0004627285376268735,0.006947689473220823,0.7161559487843476,0.46355651006752585,0.046272853762687347
infographicvqa,4,x2+x3+x4+x5,False,0.00977672854998747,8.176577900159514e-05,0.006958584807752418,0.6445115810674723,0.977672854998747,0.008176577900159514
infographicvqa,5,x1+x2+x3+x4+x5,True,0.005070940048343206,0.0006519520092922884,0.0069644631102064695,0.701913393756294,0.5070940048343205,0.06519520092922884
lego-puzzles,1,x1,True,0.08991986240418007,0.04381256718198187,0.19802435278573216,0.4355357133818252,8.991986240418006,4.381256718198187
lego-puzzles,1,x2,False,0.03370747133417084,0.0067473022262852945,0.19820016428059142,0.48514620948678616,3.3707471334170838,0.6747302226285294
lego-puzzles,1,x3,False,0.04681989819100603,0.05138265351443625,0.1923300650519001,0.5809859333161234,4.681989819100603,5.138265351443625
lego-puzzles,1,x4,False,0.0568062230982752,0.003691661887385746,0.19804494249680046,0.4884566129611914,5.680622309827521,0.3691661887385746
lego-puzzles,1,x5,False,0.04739916736985078,0.041351512962226646,0.19592258085582467,0.5477553540967509,4.739916736985078,4.135151296222665
lego-puzzles,2,x1+x2,True,0.10567923838300058,0.04498552463347903,0.19863562913045182,0.42908700691945195,10.567923838300059,4.498552463347903
lego-puzzles,2,x1+x3,True,0.04032203895421745,0.03624965446875543,0.19102324305300514,0.6105011667400624,4.032203895421746,3.624965446875543
lego-puzzles,2,x1+x4,True,0.10627463888952494,0.0573613781489989,0.19848532175033076,0.4312585101159654,10.627463888952494,5.73613781489989
lego-puzzles,2,x1+x5,True,0.08266196042812862,0.0075537807537154915,0.19569202224798057,0.5653500979454239,8.266196042812862,0.7553780753715491
lego-puzzles,2,x2+x3,False,0.048970667321060674,0.049948330012041006,0.19299744697750024,0.5733274616696784,4.897066732106067,4.994833001204101
lego-puzzles,2,x2+x4,False,0.03947513634061159,0.00903241902874093,0.20020112524821115,0.48478682317687377,3.947513634061159,0.903241902874093
lego-puzzles,2,x2+x5,False,0.045929485681722,0.04026617762098017,0.19646738090723306,0.5423923992326343,4.5929485681722,4.026617762098017
lego-puzzles,2,x3+x4,False,0.049844515892380585,0.05317542020778737,0.1928764197545637,0.5762379846020682,4.984451589238058,5.317542020778737
lego-puzzles,2,x3+x5,False,0.05520945395784294,0.0428217788734933,0.1925852619903924,0.5748763660476112,5.520945395784294,4.28217788734933
lego-puzzles,2,x4+x5,False,0.04838013024148562,0.04412622417060022,0.19633652267727167,0.5443639621581401,4.8380130241485615,4.412622417060022
lego-puzzles,3,x1+x2+x3,True,0.032853903453572544,0.029388401858049463,0.19134100189488742,0.6089826330362069,3.2853903453572544,2.9388401858049464
lego-puzzles,3,x1+x2+x4,True,0.10386611789188818,0.045866644428928544,0.2006457345572426,0.43059035528626893,10.386611789188818,4.586664442892855
lego-puzzles,3,x1+x2+x5,True,0.08043538797384889,0.009891350379382168,0.19624253180846324,0.5598378206004282,8.043538797384889,0.9891350379382168
lego-puzzles,3,x1+x3+x4,True,0.030323145692733686,0.0306031238090159,0.19130350152587577,0.6132092185119382,3.0323145692733684,3.06031238090159
lego-puzzles,3,x1+x3+x5,True,0.05143365918316602,0.030368124536038144,0.19077158752963894,0.6126979788316401,5.143365918316602,3.0368124536038144
lego-puzzles,3,x1+x4+x5,True,0.054942772286655304,0.013371032845483698,0.19601020515450118,0.5621206829352244,5.49427722866553,1.33710328454837
lego-puzzles,3,x2+x3+x4,False,0.04827248214661538,0.053103119217790505,0.1950799344872799,0.5715507772361674,4.827248214661537,5.310311921779051
lego-puzzles,3,x2+x3+x5,False,0.0418621084024404,0.043188624275337255,0.19318988638343043,0.5685288951654949,4.1862108402440406,4.318862427533725
lego-puzzles,3,x2+x4+x5,False,0.04565594837900479,0.04844427287206263,0.19832803817494804,0.5394590982946866,4.565594837900479,4.844427287206263
lego-puzzles,3,x3+x4+x5,False,0.045701739089758026,0.04192452314835114,0.19310697189025977,0.5709332401965995,4.570173908975803,4.192452314835114
lego-puzzles,4,x1+x2+x3+x4,True,0.038328303163434094,0.030502036941075335,0.19341961912785205,0.6072565663928243,3.832830316343409,3.0502036941075334
lego-puzzles,4,x1+x2+x3+x5,True,0.050159362023627765,0.03769776883709873,0.1910014829659301,0.6127992144118971,5.015936202362776,3.769776883709873
lego-puzzles,4,x1+x2+x4+x5,True,0.08272744612866867,0.013126779317538174,0.19800229329651625,0.5584002753607783,8.272744612866866,1.3126779317538175
lego-puzzles,4,x1+x3+x4+x5,True,0.05232617188610317,0.0293000310972416,0.19096297636085074,0.6172181474901168,5.232617188610317,2.93000310972416
lego-puzzles,4,x2+x3+x4+x5,False,0.04450478510586291,0.04435709839309236,0.19522490038990797,0.5656740518022465,4.450478510586291,4.4357098393092365
lego-puzzles,5,x1+x2+x3+x4+x5,True,0.05200501615511607,0.037342587753191894,0.19294762146534578,0.6105517845301909,5.200501615511607,3.7342587753191894
mmbench,1,x1,True,0.040719285456199766,0.046405790015001065,0.15732584250081397,0.8057774018412149,4.0719285456199765,4.6405790015001065
mmbench,1,x2,False,0.045499351217696424,0.006368486708431335,0.1995758240614951,0.5629917774805255,4.549935121769642,0.6368486708431335
mmbench,1,x3,False,0.049545913745316944,0.05452145375927777,0.19362612398688908,0.6353863403887009,4.954591374531694,5.452145375927777
mmbench,1,x4,False,0.048523293757627844,0.01196858197635285,0.19855839539522369,0.5715880478401133,4.852329375762785,1.196858197635285
mmbench,1,x5,False,0.028209862917287568,0.004495111090110908,0.19939255996967264,0.5821219214729718,2.8209862917287567,0.4495111090110908
mmbench,2,x1+x2,True,0.04946571501167018,0.04941653989875545,0.15721527146191253,0.8047987646549689,4.946571501167018,4.941653989875545
mmbench,2,x1+x3,True,0.04280760612924943,0.04817041485440376,0.15781066354042048,0.8041151939570383,4.280760612924943,4.817041485440376
mmbench,2,x1+x4,True,0.048570024757703605,0.04775276460161752,0.15754023482229834,0.8039971673617122,4.8570024757703605,4.775276460161752
mmbench,2,x1+x5,True,0.04407817217656262,0.042699094185304286,0.15736401049871437,0.8051774333149737,4.4078172176562616,4.269909418530428
mmbench,2,x2+x3,False,0.06171672628672174,0.04933196780954651,0.1882478341273352,0.6733417263356676,6.171672628672174,4.933196780954651
mmbench,2,x2+x4,False,0.05025885545874011,0.011381362121940197,0.19861942871987914,0.5718068888189471,5.0258855458740115,1.1381362121940197
mmbench,2,x2+x5,False,0.04493693264594822,0.028521492247075887,0.19584873176633158,0.6228828979463371,4.493693264594822,2.852149224707589
mmbench,2,x3+x4,False,0.060595915698630654,0.02780720818453995,0.1887868826464691,0.6740105437091826,6.059591569863065,2.780720818453995
mmbench,2,x3+x5,False,0.03205711614730563,0.034552734435628216,0.1935245506853318,0.6376829412227555,3.205711614730563,3.4552734435628216
mmbench,2,x4+x5,False,0.03947761043799451,0.03723825263213173,0.19535181145887862,0.6276752694940594,3.947761043799451,3.7238252632131728
mmbench,3,x1+x2+x3,True,0.0463321841593837,0.05195472878717252,0.15768700600177063,0.8030185301754662,4.63321841593837,5.195472878717252
mmbench,3,x1+x2+x4,True,0.04592484434847581,0.04815642060422596,0.15741618543910743,0.8041545361554803,4.592484434847581,4.815642060422596
mmbench,3,x1+x2+x5,True,0.0399095033285718,0.04484103540153887,0.15715273224516546,0.8041840428043119,3.9909503328571803,4.484103540153887
mmbench,3,x1+x3+x4,True,0.046016696417738756,0.04453079775445783,0.1579924328811477,0.8022759461798725,4.601669641773876,4.453079775445783
mmbench,3,x1+x3+x5,True,0.044292174564713946,0.04585424157030937,0.1579405663986554,0.8034709654575498,4.429217456471394,4.585424157030937
mmbench,3,x1+x4+x5,True,0.04410897225334702,0.04634722945506098,0.15752759792283738,0.8033381855378079,4.410897225334702,4.634722945506098
mmbench,3,x2+x3+x4,False,0.06286751104789855,0.045569193097092585,0.18820934335677866,0.6739810370603508,6.286751104789855,4.556919309709259
mmbench,3,x2+x3+x5,False,0.0620895887407709,0.04089482284875814,0.18827076918716773,0.674807223227634,6.20895887407709,4.089482284875814
mmbench,3,x2+x4+x5,False,0.039069078929179775,0.027871015851003284,0.1953104908540959,0.6267113856322291,3.9069078929179777,2.7871015851003285
mmbench,3,x3+x4+x5,False,0.047855085841788735,0.04079386881951779,0.18885529164049364,0.6726089778896844,4.785508584178873,4.079386881951779
mmbench,4,x1+x2+x3+x4,True,0.05155533604990107,0.05150794135363971,0.15792014433119528,0.8024824927216933,5.155533604990107,5.150794135363971
mmbench,4,x1+x2+x3+x5,True,0.04732971905514355,0.051416995717077967,0.15775675668691372,0.8025611771185774,4.732971905514355,5.141699571707797
mmbench,4,x1+x2+x4+x5,True,0.046149305751411775,0.04344303192443877,0.15735903184489775,0.8033135966637817,4.6149305751411775,4.344303192443877
mmbench,4,x1+x3+x4+x5,True,0.04528370984229691,0.04207314900889617,0.1580793784309299,0.8017054843024628,4.528370984229691,4.207314900889617
mmbench,4,x2+x3+x4+x5,False,0.05731818900454769,0.0435706413952704,0.18825179506941922,0.6751858918876387,5.731818900454769,4.35706413952704
mmbench,5,x1+x2+x3+x4+x5,True,0.048999052728185014,0.05042787153781016,0.1579848148781057,0.8020349752144149,4.8999052728185015,5.042787153781016
mmmu,1,x1,True,0.012807406040278153,8.006891483000253e-05,0.012689184203772285,0.3407479045776918,1.2807406040278153,0.008006891483000253
mmmu,1,x2,False,0.0077468128970880805,7.398863302982527e-05,0.012645687141200767,0.6146034816247582,0.774681289708808,0.0073988633029825265
mmmu,1,x3,False,0.012070900777993634,0.0007007786649297473,0.012678323390319155,0.6028368794326242,1.2070900777993634,0.07007786649297473
mmmu,1,x4,False,0.0073201472384486505,1.873473515631198e-05,0.012644403341206372,0.6208360197721899,0.7320147238448651,0.001873473515631198
mmmu,1,x5,False,0.014312071857141243,0.00015398030291643647,0.012688500692509722,0.3798087255534064,1.4312071857141242,0.015398030291643647
mmmu,2,x1+x2,True,0.009785195700876853,0.00017444162619643586,0.0126664097390021,0.6036965398667526,0.9785195700876853,0.017444162619643586
mmmu,2,x1+x3,True,0.012184513632028276,0.0004576668630796485,0.012660561920487083,0.5986460348162476,1.2184513632028275,0.04576668630796485
mmmu,2,x1+x4,True,0.01116242185877966,0.00016222405828475797,0.012664615242943824,0.614334837739093,1.116242185877966,0.016222405828475797
mmmu,2,x1+x5,True,0.011264491994326995,0.00019352891222429794,0.012703159601157988,0.31227165269718454,1.1264491994326995,0.019352891222429794
mmmu,2,x2+x3,False,0.011727168134495036,0.0014918275486714991,0.012579385197382177,0.6517300666236836,1.1727168134495036,0.1491827548671499
mmmu,2,x2+x4,False,0.01118729455657824,3.743454070499058e-05,0.012648013688486184,0.6026756931012249,1.118729455657824,0.003743454070499058
mmmu,2,x2+x5,False,0.012605500105791517,0.00020018099895426772,0.012665039802450347,0.5717279174725983,1.2605500105791516,0.020018099895426772
mmmu,2,x3+x4,False,0.011457041700641917,0.0015074583505621003,0.012589611240519875,0.6689232753062541,1.1457041700641917,0.15074583505621003
mmmu,2,x3+x5,False,0.012062329499701457,0.0006909662875938508,0.012683744140704233,0.5774768966258328,1.2062329499701456,0.06909662875938508
mmmu,2,x4+x5,False,0.010003264373315146,0.00012778921072554954,0.01266455542240527,0.5923060391145498,1.0003264373315146,0.012778921072554954
mmmu,3,x1+x2+x3,True,0.007922589086389938,0.0008959426657047834,0.012595848199526534,0.6598968407479047,0.7922589086389937,0.08959426657047835
mmmu,3,x1+x2+x4,True,0.01113518231433732,8.951829193552113e-05,0.01266774324893227,0.6162690737158822,1.113518231433732,0.008951829193552113
mmmu,3,x1+x2+x5,True,0.014988768279194802,0.0003108776198164631,0.01268706709540951,0.576294863528906,1.4988768279194802,0.03108776198164631
mmmu,3,x1+x3+x4,True,0.010984802615366914,0.0007334024849404166,0.012597576710605992,0.6831076724693745,1.0984802615366913,0.07334024849404165
mmmu,3,x1+x3+x5,True,0.013958621491964248,0.0005103623700060131,0.012677714945392389,0.5705996131528046,1.3958621491964247,0.05103623700060131
mmmu,3,x1+x4+x5,True,0.011735359841434628,0.0002856053585717014,0.012685306122795859,0.5980012894906512,1.1735359841434627,0.02856053585717014
mmmu,3,x2+x3+x4,False,0.01148279502708035,0.0014944287877100026,0.012595819192276573,0.6617236191704277,1.148279502708035,0.14944287877100026
mmmu,3,x2+x3+x5,False,0.010364125334058272,0.0010991960511971032,0.012626577552275878,0.637545669460563,1.0364125334058272,0.10991960511971031
mmmu,3,x2+x4+x5,False,0.011559385223447476,0.00011041728329778087,0.012668407202811687,0.5760799484203739,1.1559385223447476,0.011041728329778087
mmmu,3,x3+x4+x5,False,0.009792432961336554,0.001311609344003532,0.012632649371907296,0.6537717601547389,0.9792432961336553,0.1311609344003532
mmmu,4,x1+x2+x3+x4,True,0.008998343596759242,0.000917937872431104,0.012597738850706296,0.6763378465506125,0.8998343596759242,0.0917937872431104
mmmu,4,x1+x2+x3+x5,True,0.012096050573776343,0.0009251888856656836,0.012647314703616287,0.6441005802707931,1.2096050573776342,0.09251888856656836
mmmu,4,x1+x2+x4+x5,True,0.011976301913580217,0.0002292098194368892,0.01268873006789117,0.5953148506339996,1.1976301913580216,0.02292098194368892
mmmu,4,x1+x3+x4+x5,True,0.011391490172344029,0.0009135046470549733,0.012644451367761206,0.6645175155813452,1.1391490172344028,0.09135046470549733
mmmu,4,x2+x3+x4+x5,False,0.009856231465971154,0.0011902627297464084,0.012634974899204855,0.6494734579840963,0.9856231465971154,0.11902627297464083
mmmu,5,x1+x2+x3+x4+x5,True,0.011614378956668734,0.0009841570931323563,0.01264503379267361,0.6630131098216205,1.1614378956668734,0.09841570931323562
pope,1,x1,True,0.01760156862240675,0.017052194108257635,0.10166650506357207,0.8218791974333457,1.760156862240675,1.7052194108257634
pope,1,x2,False,0.0190565027485827,0.00023659235743314974,0.1212801009199733,0.6074508139105986,1.90565027485827,0.023659235743314973
pope,1,x3,False,0.026923217033305857,0.02147664571812954,0.11445631629910451,0.7191202295698812,2.6923217033305855,2.147664571812954
pope,1,x4,False,0.02249647699712984,0.014004285225527855,0.12078938523168929,0.6279360285060096,2.249647699712984,1.4004285225527855
pope,1,x5,False,0.02248542996510146,0.015712827117878102,0.11814902091645328,0.6677825024880124,2.248542996510146,1.57128271178781
pope,2,x1+x2,True,0.02330414852101685,0.016612782823151772,0.10196659517480611,0.820423507250613,2.330414852101685,1.6612782823151773
pope,2,x1+x3,True,0.018710429903581224,0.022571535708019546,0.10165495878406891,0.8237420169022449,1.8710429903581225,2.257153570801955
pope,2,x1+x4,True,0.018860478857756765,0.014012277517170003,0.10170425355503494,0.8214929465721107,1.8860478857756764,1.4012277517170002
pope,2,x1+x5,True,0.018224521812155437,0.018637979109809997,0.10173878144540788,0.8217075303839079,1.8224521812155436,1.8637979109809997
pope,2,x2+x3,False,0.024208292193955188,0.02305512427610068,0.10967046680283644,0.7372798196104087,2.420829219395519,2.305512427610068
pope,2,x2+x4,False,0.022710052954090166,0.005121543705106148,0.12090628538382295,0.616891341717181,2.2710052954090165,0.5121543705106149
pope,2,x2+x5,False,0.01740761708372563,0.016784951277651696,0.11487682260173843,0.6957050760090658,1.740761708372563,1.6784951277651696
pope,2,x3+x4,False,0.02682510377019726,0.02671581823532907,0.11041040553371685,0.7347187328187961,2.682510377019726,2.671581823532907
pope,2,x3+x5,False,0.024753629107481502,0.013130963538928848,0.11349281565114558,0.7258894788977119,2.4753629107481503,1.3130963538928848
pope,2,x4+x5,False,0.023374359984743496,0.016782891762969356,0.11498041413102472,0.6995200282090719,2.3374359984743496,1.6782891762969356
pope,3,x1+x2+x3,True,0.01617733451602199,0.019230784041823542,0.10195246681346955,0.8219371930581558,1.617733451602199,1.923078404182354
pope,3,x1+x2+x4,True,0.01882874290496162,0.012723793352234182,0.10234089052064363,0.819634766753196,1.882874290496162,1.272379335223418
pope,3,x1+x2+x5,True,0.020356942227539764,0.01634290883688334,0.10203613120603339,0.8201056912266539,2.0356942227539765,1.634290883688334
pope,3,x1+x3+x4,True,0.018246037377583582,0.019771706369288315,0.10173118796488047,0.8230785469544177,1.8246037377583582,1.9771706369288315
pope,3,x1+x3+x5,True,0.016757379620547273,0.018548520163910603,0.1017652231987381,0.8233754845534452,1.6757379620547272,1.8548520163910602
pope,3,x1+x4+x5,True,0.016728308357467497,0.015735902051389195,0.10177283808077177,0.8210614591235238,1.6728308357467498,1.5735902051389195
pope,3,x2+x3+x4,False,0.025603016249768337,0.02574404946395071,0.10991782279166613,0.7366209893125663,2.560301624976834,2.574404946395071
pope,3,x2+x3+x5,False,0.028892423760658672,0.02852162783808691,0.1094430109609687,0.7391124813544067,2.889242376065867,2.852162783808691
pope,3,x2+x4+x5,False,0.020781797407816993,0.01710830524999801,0.1149717414106128,0.6970865317920416,2.0781797407816995,1.7108305249998008
pope,3,x3+x4+x5,False,0.02058191419589711,0.018994552390636722,0.1099879028188313,0.7374282884099224,2.0581914195897113,1.8994552390636723
pope,4,x1+x2+x3+x4,True,0.016085113532174546,0.01680670200245777,0.10232262347446365,0.8209095105865214,1.6085113532174546,1.680670200245777
pope,4,x1+x2+x3+x5,True,0.01841270393383334,0.017722732811361795,0.1020458284780902,0.8217098502089002,1.8412703933833339,1.7722732811361794
pope,4,x1+x2+x4+x5,True,0.015724919287382635,0.016586232597155123,0.1024124907935648,0.8190896078799816,1.5724919287382635,1.6586232597155124
pope,4,x1+x3+x4+x5,True,0.017392187750866848,0.014377623537438497,0.10183222723470567,0.8227560912804738,1.7392187750866848,1.4377623537438498
pope,4,x2+x3+x4+x5,False,0.025512410570112224,0.02777070249385694,0.10965787449786113,0.7384768493064883,2.5512410570112225,2.777070249385694
pope,5,x1+x2+x3+x4+x5,True,0.01620325293587566,0.015714271239699984,0.10241198936534801,0.8206264919374482,1.620325293587566,1.5714271239699984
scienceqa,1,x1,True,0.05296550202470298,0.05214886864575181,0.1811831426400208,0.7800546621079735,5.296550202470298,5.214886864575181
scienceqa,1,x2,False,0.03791470960227366,0.010440706433158933,0.2225509051973786,0.5827677176987043,3.791470960227366,1.0440706433158933
scienceqa,1,x3,False,0.09190439718612593,0.00011272080090243563,0.23307167678404597,0.45906778945591153,9.190439718612593,0.011272080090243563
scienceqa,1,x4,False,0.046220754382141446,0.020820885363732895,0.22277255966032788,0.5861846270735722,4.622075438214145,2.0820885363732895
scienceqa,1,x5,False,0.044480881470764136,0.029780024534913217,0.2234458085423891,0.6177298341142206,4.4480881470764135,2.978002453491322
scienceqa,2,x1+x2,True,0.054672181773896246,0.04988589239595297,0.18170347493554653,0.7787598666160145,5.467218177389625,4.9885892395952975
scienceqa,2,x1+x3,True,0.03245871719343279,0.036170422484391535,0.17837468282735927,0.7852802752099954,3.245871719343279,3.6170422484391533
scienceqa,2,x1+x4,True,0.05515858004707969,0.04760423343834343,0.18175624761381334,0.778751424591617,5.51585800470797,4.760423343834343
scienceqa,2,x1+x5,True,0.0475482783699425,0.04481192480741583,0.18084686479806225,0.7810698155417668,4.75482783699425,4.4811924807415835
scienceqa,2,x2+x3,False,0.0737932054432982,0.009077243234122881,0.22253645412856327,0.566950529737031,7.37932054432982,0.9077243234122881
scienceqa,2,x2+x4,False,0.03304651158584926,0.0037541704623047715,0.22222745121304038,0.5859461398843442,3.304651158584926,0.37541704623047717
scienceqa,2,x2+x5,False,0.03831699350085951,0.01844807473032793,0.21616711751082307,0.6548916255117977,3.831699350085951,1.8448074730327928
scienceqa,2,x3+x4,False,0.08916889840134244,0.020957846151141515,0.22287934107821383,0.5801042590013085,8.916889840134244,2.0957846151141513
scienceqa,2,x3+x5,False,0.08103405943248428,0.057221211816243615,0.22229832714906428,0.6348328479169305,8.103405943248427,5.722121181624361
scienceqa,2,x4+x5,False,0.033302512541608965,0.03131658755611855,0.2164729849508457,0.6574094592883373,3.3302512541608964,3.1316587556118547
scienceqa,3,x1+x2+x3,True,0.03406334834880725,0.03494540590569995,0.17901896834114783,0.7833502173821283,3.4063348348807247,3.4945405905699953
scienceqa,3,x1+x2+x4,True,0.057554690000522324,0.05014968547997934,0.1819513899641394,0.7781699801612426,5.755469000052233,5.014968547997934
scienceqa,3,x1+x2+x5,True,0.05128384805573564,0.05175080023269563,0.18135464369969864,0.7795945717783125,5.128384805573564,5.1750800232695635
scienceqa,3,x1+x3+x4,True,0.039188949841703215,0.0394532633974016,0.17900514401926607,0.7834166983242581,3.9188949841703216,3.94532633974016
scienceqa,3,x1+x3+x5,True,0.036548582569186694,0.032168299739912025,0.17860218245349668,0.7844307965050017,3.6548582569186694,3.2168299739912025
scienceqa,3,x1+x4+x5,True,0.05079543331395438,0.050228061765124024,0.18141812791947992,0.7794964332446921,5.0795433313954375,5.022806176512402
scienceqa,3,x2+x3+x4,False,0.09155434085662224,0.004723932507120218,0.22233485973201694,0.5700308133890507,9.155434085662224,0.4723932507120218
scienceqa,3,x2+x3+x5,False,0.054919141367664764,0.042659204581904836,0.21617748708316215,0.6683751213541007,5.491914136766477,4.265920458190483
scienceqa,3,x2+x4+x5,False,0.04310077364362542,0.02877713040091318,0.2160638904820475,0.6573767464437972,4.310077364362542,2.877713040091318
scienceqa,3,x3+x4+x5,False,0.05916549489518416,0.049100715858330396,0.215985459748194,0.6700814655354355,5.916549489518416,4.910071585833039
scienceqa,4,x1+x2+x3+x4,True,0.038352457753419306,0.033599720535209654,0.1792226609828833,0.782990376092187,3.8352457753419307,3.3599720535209654
scienceqa,4,x1+x2+x3+x5,True,0.03891852208330886,0.03580373990407158,0.17925914890078318,0.7823603900215271,3.8918522083308855,3.5803739904071583
scienceqa,4,x1+x2+x4+x5,True,0.048410947541196826,0.050389153144744986,0.18159944993404448,0.7788453421130388,4.841094754119682,5.038915314474498
scienceqa,4,x1+x3+x4+x5,True,0.041604903234920367,0.03679976861502982,0.1792334766627817,0.7825239542442277,4.160490323492037,3.679976861502982
scienceqa,4,x2+x3+x4+x5,False,0.06091922547017638,0.04107715346638935,0.21589803927316703,0.6700920180659322,6.091922547017638,4.107715346638935
scienceqa,5,x1+x2+x3+x4+x5,True,0.03570084574740521,0.03523605892234507,0.17945624834132354,0.7818517580515807,3.570084574740521,3.523605892234507
seedbench,1,x1,True,0.030306845442146905,0.03486346248071053,0.1863146935530495,0.7645428164908685,3.0306845442146906,3.486346248071053
seedbench,1,x2,False,0.052999517241760684,0.021181393405062768,0.22690750516223465,0.560502268294476,5.2999517241760685,2.1181393405062767
seedbench,1,x3,False,0.0499451754701854,0.02963826654805108,0.21288406357055814,0.6723233476480229,4.99451754701854,2.963826654805108
seedbench,1,x4,False,0.05031405761963019,0.039413279288135726,0.2234744671084852,0.5795546444897093,5.031405761963019,3.9413279288135725
seedbench,1,x5,False,0.044007933528029564,0.014526888385910243,0.2184440640442187,0.6277250887640498,4.400793352802957,1.4526888385910244
seedbench,2,x1+x2,True,0.03837214979757804,0.028730210954408718,0.18653447657420613,0.7632108151588671,3.837214979757804,2.8730210954408717
seedbench,2,x1+x3,True,0.03753590559851897,0.038317023089279374,0.18562671169767953,0.7662034934762207,3.7535905598518973,3.8317023089279374
seedbench,2,x1+x4,True,0.035187027980526545,0.029391481156020603,0.1868272498146549,0.7629643084188539,3.5187027980526544,2.9391481156020602
seedbench,2,x1+x5,True,0.03323770186874325,0.03133424417055509,0.1855096173843061,0.7658575191042724,3.3237701868743255,3.133424417055509
seedbench,2,x2+x3,False,0.0538467274055109,0.052992350527033695,0.20771050006532454,0.6931683035579139,5.38467274055109,5.299235052703369
seedbench,2,x2+x4,False,0.036859599078387054,0.030606680463941976,0.2231428417825258,0.5758656927488096,3.6859599078387055,3.0606680463941975
seedbench,2,x2+x5,False,0.04288639150385616,0.033887427910780095,0.2144304592763736,0.6517854439932361,4.288639150385616,3.3887427910780095
seedbench,2,x3+x4,False,0.05910080952243336,0.04784766046576705,0.2070378938536038,0.6953349680622407,5.9100809522433355,4.784766046576705
seedbench,2,x3+x5,False,0.02274644757622666,0.0229588190813041,0.21007026622896302,0.6827890723994618,2.274644757622666,2.29588190813041
seedbench,2,x4+x5,False,0.03532625706471891,0.026543626075003483,0.21256826944820212,0.6643897228312813,3.532625706471891,2.654362607500348
seedbench,3,x1+x2+x3,True,0.0459507838464934,0.0357468129795219,0.18589913531256644,0.7651136742045833,4.59507838464934,3.5746812979521896
seedbench,3,x1+x2+x4,True,0.02989634652494684,0.030650302694641855,0.1864293193878282,0.7642184655171667,2.989634652494684,3.0650302694641853
seedbench,3,x1+x2+x5,True,0.03310118325157421,0.02770095815092127,0.1856943745140952,0.7647460764343881,3.310118325157421,2.770095815092127
seedbench,3,x1+x3+x4,True,0.03919372744657576,0.036393396138516804,0.18611402935508875,0.7650920508063366,3.919372744657576,3.6393396138516803
seedbench,3,x1+x3+x5,True,0.03398885583776635,0.029854308731996886,0.1853001810697094,0.7667657018306369,3.398885583776635,2.9854308731996886
seedbench,3,x1+x4+x5,True,0.03516029199817758,0.028667648537187715,0.18600911816605603,0.764586063287362,3.516029199817758,2.8667648537187715
seedbench,3,x2+x3+x4,False,0.051061535854313236,0.05546871587264967,0.20713652368324934,0.6949068247769548,5.106153585431324,5.546871587264967
seedbench,3,x2+x3+x5,False,0.04099625056690222,0.04097352786805984,0.20530303184081292,0.7013332987358961,4.099625056690222,4.097352786805984
seedbench,3,x2+x4+x5,False,0.04096910797008148,0.013370983114665573,0.2126233975310181,0.6634837024447414,4.096910797008148,1.3370983114665573
seedbench,3,x3+x4+x5,False,0.03196269773063735,0.02673778914256848,0.20471849553373128,0.7029939757212484,3.196269773063735,2.673778914256848
seedbench,4,x1+x2+x3+x4,True,0.04344265324414585,0.039553969751096846,0.18596144776184229,0.7652088171568692,4.344265324414585,3.9553969751096845
seedbench,4,x1+x2+x3+x5,True,0.03407807395136176,0.03174521367440898,0.18554760057300518,0.7656672331997008,3.4078073951361763,3.174521367440898
seedbench,4,x1+x2+x4+x5,True,0.05269097282922273,0.03859862227596036,0.1857246378053073,0.7647633751529855,5.269097282922273,3.859862227596036
seedbench,4,x1+x3+x4+x5,True,0.03504604148388385,0.03067816587922736,0.18579644937356862,0.7653947783817915,3.5046041483883847,3.067816587922736
seedbench,4,x2+x3+x4+x5,False,0.03381633156194029,0.028502086662291884,0.20482473636878534,0.7029118068079107,3.381633156194029,2.8502086662291886
seedbench,5,x1+x2+x3+x4+x5,True,0.05304162265804685,0.03440340189710904,0.1856463237544503,0.7651915184382716,5.304162265804685,3.440340189710904
textvqa,1,x1,True,0.09562159145229945,0.09059860250057546,0.20610067051612724,0.7172324027513587,9.562159145229945,9.059860250057545
textvqa,1,x2,False,0.05804975358116811,0.03386366091426119,0.22167104246463704,0.6316074912511624,5.804975358116811,3.3863660914261193
textvqa,1,x3,False,0.060150149674321876,0.05792586608855223,0.1968851324723347,0.7037267223718435,6.0150149674321876,5.792586608855223
textvqa,1,x4,False,0.04213050744601881,0.027379710431293232,0.2167169069575427,0.641322415509281,4.213050744601881,2.737971043129323
textvqa,1,x5,False,0.02751585791873637,0.011172951652158066,0.21890643145470068,0.6188150408162838,2.751585791873637,1.1172951652158065
textvqa,2,x1+x2,True,0.06989605304353318,0.06187378909643866,0.20197253383663696,0.719472188914907,6.989605304353318,6.187378909643866
textvqa,2,x1+x3,True,0.04331612841901816,0.03837564615600567,0.19280370384137915,0.7246883586224793,4.3316128419018165,3.8375646156005674
textvqa,2,x1+x4,True,0.040720981931968665,0.03657143196674075,0.1980902366880656,0.7262333995294427,4.072098193196867,3.6571431966740753
textvqa,2,x1+x5,True,0.04092180882544919,0.03263492488661905,0.1999795965327954,0.7198872224768227,4.092180882544919,3.263492488661905
textvqa,2,x2+x3,False,0.060476172420755835,0.0565433320727827,0.19560559153278473,0.7072339303538806,6.047617242075583,5.6543332072782695
textvqa,2,x2+x4,False,0.026316620116745994,0.02045791094178607,0.2159541098339715,0.6381615338524392,2.6316620116745995,2.045791094178607
textvqa,2,x2+x5,False,0.047365880010120986,0.036146723763805816,0.21030930824585875,0.6724011051750849,4.736588001012098,3.6146723763805815
textvqa,2,x3+x4,False,0.056035032018805206,0.05345716126610537,0.1931730466106432,0.7166883251407801,5.60350320188052,5.345716126610537
textvqa,2,x3+x5,False,0.052159886008422376,0.05949836877264052,0.19007955500931142,0.722853840525272,5.215988600842238,5.949836877264052
textvqa,2,x4+x5,False,0.021528266823387255,0.0239945037710284,0.20497119902004446,0.6946465553260663,2.1528266823387257,2.39945037710284
textvqa,3,x1+x2+x3,True,0.0429122036541809,0.03741922218310876,0.1915528843399221,0.7279765404894886,4.29122036541809,3.741922218310876
textvqa,3,x1+x2+x4,True,0.036743040700878256,0.03896950048215777,0.19701020967580243,0.7298654663477535,3.6743040700878256,3.896950048215777
textvqa,3,x1+x2+x5,True,0.028770235784217016,0.02527229288770907,0.19533430401267166,0.73226289551129,2.8770235784217015,2.527229288770907
textvqa,3,x1+x3+x4,True,0.04480755962972417,0.047743721059794686,0.18920618558515198,0.7364669413561065,4.480755962972418,4.774372105979468
textvqa,3,x1+x3+x5,True,0.035128271847906754,0.02873644777975037,0.18785695577991607,0.7370326425640286,3.5128271847906754,2.873644777975037
textvqa,3,x1+x4+x5,True,0.026539408372325667,0.029652890793517288,0.1912956456688919,0.7434799622493843,2.653940837232567,2.9652890793517286
textvqa,3,x2+x3+x4,False,0.07272850242793474,0.06331760800804195,0.19202669406737843,0.7224346217509673,7.272850242793474,6.3317608008041955
textvqa,3,x2+x3+x5,False,0.04798392907621593,0.05273258278731795,0.18872063427790395,0.728253462042565,4.798392907621593,5.273258278731794
textvqa,3,x2+x4+x5,False,0.020916558367801118,0.01440467385891168,0.20422887744351273,0.6980376236643069,2.0916558367801117,1.4404673858911679
textvqa,3,x3+x4+x5,False,0.038644206260680866,0.03909767193126184,0.18622499395970885,0.7382010143559761,3.8644206260680867,3.909767193126184
textvqa,4,x1+x2+x3+x4,True,0.046751906269127314,0.04436404274632344,0.1881151713977063,0.7409534890371849,4.675190626912731,4.436404274632344
textvqa,4,x1+x2+x3+x5,True,0.02687690257993879,0.02489035904255983,0.1865230543519668,0.742740574727316,2.687690257993879,2.4890359042559833
textvqa,4,x1+x2+x4+x5,True,0.026998344620491773,0.02740117954468791,0.19034212980401735,0.7459785340456565,2.699834462049177,2.7401179544687913
textvqa,4,x1+x3+x4+x5,True,0.03410468890631805,0.02875712701650832,0.18406039520087825,0.7517583123549563,3.410468890631805,2.875712701650832
textvqa,4,x2+x3+x4+x5,False,0.04731333560903264,0.04266058607777392,0.18510584033953414,0.7410281253247898,4.7313335609032645,4.266058607777392
textvqa,5,x1+x2+x3+x4+x5,True,0.03387257255403802,0.032611261641061144,0.18297337275143938,0.7546182074874845,3.387257255403802,3.2611261641061144
vizwiz-vqa,1,x1,True,0.044709588335922354,0.049448204538057136,0.14295280216507295,0.8079308485139023,4.470958833592236,4.944820453805714
vizwiz-vqa,1,x2,False,0.03964561904880103,0.0341705672314508,0.17543591050212098,0.6285945166657266,3.964561904880103,3.4170567231450804
vizwiz-vqa,1,x3,False,0.05030020200415045,0.046859444663150035,0.1540263088092855,0.7076976763859907,5.030020200415045,4.685944466315004
vizwiz-vqa,1,x4,False,0.031036593037962003,0.01771137821564534,0.17331078512477022,0.6353385313857086,3.1036593037962,1.7711378215645341
vizwiz-vqa,1,x5,False,0.019183978762724135,0.010923196918523231,0.1769360533759022,0.5985826377530878,1.9183978762724134,1.092319691852323
vizwiz-vqa,2,x1+x2,True,0.041129537716560034,0.037263264530788896,0.14254103591895778,0.8054052577406802,4.112953771656003,3.7263264530788898
vizwiz-vqa,2,x1+x3,True,0.041030463237772236,0.043743448562054456,0.14217315059673077,0.8072011942360837,4.103046323777224,4.374344856205446
vizwiz-vqa,2,x1+x4,True,0.03204310368250683,0.028946605859615792,0.14160376294649374,0.804709971236817,3.2043103682506833,2.8946605859615793
vizwiz-vqa,2,x1+x5,True,0.04558028604015446,0.04450131838773097,0.14310081227758473,0.80631644436298,4.558028604015446,4.450131838773097
vizwiz-vqa,2,x2+x3,False,0.05198474813174598,0.04583342462850264,0.15290278876880115,0.7142654461113305,5.198474813174598,4.583342462850264
vizwiz-vqa,2,x2+x4,False,0.03474388665698505,0.01900452618027226,0.1734059784520586,0.6314404327167109,3.474388665698505,1.9004526180272259
vizwiz-vqa,2,x2+x5,False,0.01888372695903277,0.014179377575652281,0.170184909035093,0.6634932286673059,1.888372695903277,1.417937757565228
vizwiz-vqa,2,x3+x4,False,0.04659472208409528,0.04111790553966521,0.1516627833349676,0.7256050490666065,4.659472208409528,4.111790553966522
vizwiz-vqa,2,x3+x5,False,0.03794964619884082,0.035942811287195064,0.15134373815277818,0.7212738283232756,3.794964619884082,3.5942811287195067
vizwiz-vqa,2,x4+x5,False,0.01748851146838663,0.017750241677844843,0.1684470859785583,0.6748513373470193,1.748851146838663,1.7750241677844842
vizwiz-vqa,3,x1+x2+x3,True,0.037688803021156826,0.03227506109923124,0.14195811521651544,0.8046800095877278,3.7688803021156825,3.2275061099231244
vizwiz-vqa,3,x1+x2+x4,True,0.03926953058722594,0.02463942845116808,0.14128960670404558,0.8043751057469968,3.926953058722594,2.463942845116808
vizwiz-vqa,3,x1+x2+x5,True,0.037535388274936264,0.03375679729461688,0.1426610006719725,0.803389015001974,3.7535388274936263,3.375679729461688
vizwiz-vqa,3,x1+x3+x4,True,0.03511706828624287,0.03322601846305527,0.1411708416423182,0.8040138035079805,3.511706828624287,3.322601846305527
vizwiz-vqa,3,x1+x3+x5,True,0.04275572026333113,0.039965964138134656,0.14223977650721237,0.8060494331960972,4.275572026333113,3.9965964138134655
vizwiz-vqa,3,x1+x4+x5,True,0.03341602786840722,0.030119857329640138,0.1416639578678494,0.8030039196886809,3.3416027868407223,3.0119857329640136
vizwiz-vqa,3,x2+x3+x4,False,0.04351343915960456,0.042918136582521776,0.15148229580867453,0.7283192219840957,4.351343915960456,4.2918136582521775
vizwiz-vqa,3,x2+x3+x5,False,0.031384372114286734,0.023968260072878243,0.15053274053426244,0.7286056201003891,3.1384372114286734,2.3968260072878245
vizwiz-vqa,3,x2+x4+x5,False,0.019195188304654116,0.017598694682761085,0.168630474906301,0.6728632938074559,1.9195188304654116,1.7598694682761085
vizwiz-vqa,3,x3+x4+x5,False,0.030993799333944996,0.026037699282320383,0.14954211534740794,0.7371905137894083,3.0993799333944994,2.603769928232038
vizwiz-vqa,4,x1+x2+x3+x4,True,0.035624695000362215,0.025988321404582876,0.1408030142381944,0.8038375585133382,3.5624695000362214,2.5988321404582875
vizwiz-vqa,4,x1+x2+x3+x5,True,0.03535494561950394,0.028184637261800875,0.14202262285042572,0.8031607777339125,3.535494561950394,2.8184637261800876
vizwiz-vqa,4,x1+x2+x4+x5,True,0.03409151124830711,0.02533862275111036,0.14141791553609717,0.8028831918673509,3.4091511248307107,2.533862275111036
vizwiz-vqa,4,x1+x3+x4+x5,True,0.029284309871998936,0.02960619422898313,0.14118931528764397,0.8026461423495572,2.9284309871998935,2.960619422898313
vizwiz-vqa,4,x2+x3+x4+x5,False,0.03102692863970678,0.02954364008659344,0.14949659880111077,0.7377677161468614,3.102692863970678,2.954364008659344
vizwiz-vqa,5,x1+x2+x3+x4+x5,True,0.030205861228809278,0.03248594858608079,0.1408902549905968,0.8023615066832103,3.020586122880928,3.248594858608079
vqav2,1,x1,True,0.0978774620710989,0.09825092616571893,0.16245598448866105,0.7252338690333413,9.78774620710989,9.825092616571892
vqav2,1,x2,False,0.04374765996558898,0.03807091524641104,0.16865885919367693,0.6599604221635883,4.374765996558898,3.807091524641104
vqav2,1,x3,False,0.05181560069448318,0.04200568109733372,0.1630766256484097,0.7350083952986327,5.181560069448318,4.200568109733372
vqav2,1,x4,False,0.04025291100713965,0.0050227000369366896,0.16464059704450942,0.6718392245796899,4.025291100713965,0.5022700036936689
vqav2,1,x5,False,0.02660849230038612,0.025368887200179713,0.17729082977972596,0.6178830763863146,2.660849230038612,2.5368887200179713
vqav2,2,x1+x2,True,0.07122783781735927,0.06077254477845981,0.15841116233905866,0.7325988355611768,7.122783781735927,6.0772544778459805
vqav2,2,x1+x3,True,0.04105406856938853,0.023256533756268162,0.1579736650414257,0.748795220131272,4.105406856938853,2.3256533756268163
vqav2,2,x1+x4,True,0.032207362429678754,0.035629264081968315,0.15585092901442976,0.7358588281471466,3.2207362429678756,3.5629264081968315
vqav2,2,x1+x5,True,0.044729725642832036,0.04721438881972538,0.16232485180048267,0.7183050219150003,4.472972564283204,4.721438881972538
vqav2,2,x2+x3,False,0.031377608368356714,0.024223806134677374,0.15492422937335643,0.7643701345428378,3.1377608368356715,2.4223806134677375
vqav2,2,x2+x4,False,0.03553342251946496,0.019719217774766158,0.1646846863071346,0.6692742973026015,3.553342251946496,1.9719217774766158
vqav2,2,x2+x5,False,0.04433505209866442,0.025606467196485377,0.1640079308209051,0.7090947251357421,4.433505209866442,2.560646719648538
vqav2,2,x3+x4,False,0.04595851734956717,0.03187737583993664,0.15343422085335956,0.7726455003379925,4.595851734956717,3.187737583993664
vqav2,2,x3+x5,False,0.04818634487834057,0.04046942497891162,0.1630866066294464,0.7374942759327503,4.818634487834057,4.046942497891163
vqav2,2,x4+x5,False,0.0378061833887402,0.037209165851926074,0.16108667364526932,0.7219575219695152,3.78061833887402,3.720916585192607
vqav2,3,x1+x2+x3,True,0.027129449998171837,0.025832319799547396,0.15298997887029345,0.7704430973200462,2.7129449998171835,2.5832319799547396
vqav2,3,x1+x2+x4,True,0.03586736635772742,0.03476276477342023,0.1561251947363259,0.7345831788743757,3.586736635772742,3.476276477342023
vqav2,3,x1+x2+x5,True,0.03553681540638686,0.03205764542396146,0.15736664934844583,0.7436435596066203,3.553681540638686,3.205764542396146
vqav2,3,x1+x3+x4,True,0.030676165055146663,0.028498024162336565,0.15152261042255086,0.775371246647332,3.0676165055146662,2.8498024162336564
vqav2,3,x1+x3+x5,True,0.04330184718035308,0.03416546635702514,0.15779788719378576,0.7503434440349768,4.330184718035308,3.4165466357025136
vqav2,3,x1+x4+x5,True,0.02407014363681165,0.016478724354108115,0.15506923849179088,0.7484681305741512,2.407014363681165,1.6478724354108114
vqav2,3,x2+x3+x4,False,0.03489481878190015,0.031136390835638048,0.15363758027325236,0.7692274144660807,3.489481878190015,3.113639083563805
vqav2,3,x2+x3+x5,False,0.04166339497246139,0.03600375803120193,0.15467546795051035,0.7652587278396824,4.166339497246139,3.6003758031201927
vqav2,3,x2+x4+x5,False,0.0330855754827898,0.03967638150788093,0.16118414111801532,0.7170293726422294,3.30855754827898,3.9676381507880927
vqav2,3,x3+x4+x5,False,0.05795960533344471,0.03551830089241205,0.15343512514226262,0.7721821234654048,5.795960533344471,3.551830089241205
vqav2,4,x1+x2+x3+x4,True,0.03744996019926178,0.03816885464175016,0.15183970663734267,0.774133757822892,3.7449960199261776,3.8168854641750163
vqav2,4,x1+x2+x3+x5,True,0.043480199120234445,0.03512635667567347,0.15271399658596357,0.7715224928585447,4.348019912023444,3.512635667567347
vqav2,4,x1+x2+x4+x5,True,0.027458344505796213,0.015194226827355467,0.1554791329292775,0.7479284328049021,2.7458344505796215,1.5194226827355468
vqav2,4,x1+x3+x4+x5,True,0.03790483611560795,0.03795696955974061,0.15147532499985011,0.7767559257724765,3.790483611560795,3.7956969559740608
vqav2,4,x2+x3+x4+x5,False,0.0368474754161897,0.03290969374155951,0.15361922069796008,0.7695163435748709,3.68474754161897,3.290969374155951
vqav2,5,x1+x2+x3+x4+x5,True,0.05579973840592207,0.03797156089463863,0.1518118993578225,0.7751368324647289,5.579973840592207,3.7971560894638627
