ece,ece_percent,adaptive_ece,adaptive_ece_percent,kde_ece,brier,brier_gain,murphy_uncertainty,murphy_resolution,murphy_reliability,auroc,nll,aurc,prob_std,spearman_rho,status,test_dataset,method,transfer_mode
0.08878963662365119,8.87896366236512,0.08963222866853214,8.963222866853213,0.08625907377921166,0.20817780483142787,0.05260490876075638,0.248775,0.05017771125735547,0.01008009687326046,0.7403798613204702,0.6040859254981883,0.22862952617351331,0.1982330462884156,1.0,VALID,ai2d,Platt Scaling (1D),Zero-Shot Base
0.06420549985366651,6.420549985366651,0.06655217280646221,6.655217280646221,0.061988204150048715,0.2051063758090208,0.05567633778316344,0.248775,0.04961122540733005,0.006696567302668371,0.7403798613204702,0.5917760494458183,0.2067211744949195,0.18329825349310286,1.0,VALID,ai2d,Platt Scaling (1D),Target Adapted (Saerens-EM)
0.11908621484299359,11.908621484299358,0.11729153320913652,11.729153320913651,0.11807538660426584,0.23488867659493667,0.02589403699724757,0.248775,0.033659797948352485,0.020080674442482196,0.6978997085720029,0.680441790415079,0.33097347476661804,0.22929252784583692,0.8543166863166863,VALID,ai2d,Trajectory LR,Zero-Shot Base
0.14607081280271483,14.607081280271483,0.14523301060257154,14.523301060257154,0.1444992686793995,0.2414858568667954,0.019296856725388833,0.248775,0.03412553464038486,0.02686884107094852,0.6978997085720029,0.6998386410881562,0.34211864267699554,0.22444496937345493,0.8543166863166863,VALID,ai2d,Trajectory LR,Target Adapted (Saerens-EM)
0.0940352715097971,9.40352715097971,0.09471762098347652,9.471762098347652,0.09006091632215635,0.22912026328001237,0.03166245031217188,0.248775,0.03462707250400357,0.014776327321543528,0.6879027233443875,0.6566352203457325,0.3191409977648155,0.20156198073868034,0.7919561399561399,VALID,ai2d,Trajectory LR (No Bias),Zero-Shot Base
0.0898987155418825,8.98987155418825,0.09007356510741606,9.007356510741605,0.0822405356226113,0.22524443312287368,0.03553828046931057,0.248775,0.03308063281508839,0.010183412817507955,0.6879027233443875,0.6427945705935656,0.2758060544230692,0.1958496614800359,0.7919561399561399,VALID,ai2d,Trajectory LR (No Bias),Target Adapted (Saerens-EM)
0.11912033794447781,11.912033794447781,0.11732613800093536,11.732613800093535,0.11811124305790177,0.23489918012966143,0.025883533462522812,0.248775,0.033659797948352485,0.020087644542914732,0.6979077479650286,0.6804716179917069,0.33097135052295645,0.22928173822752926,0.8542877182877184,VALID,ai2d,Trajectory Platt (5D),Zero-Shot Base
0.14622874347330742,14.622874347330741,0.14539542408328493,14.539542408328494,0.14465689745295657,0.24153223814566163,0.019250475446522614,0.248775,0.034108402413582095,0.026927190170725576,0.6979077479650286,0.6999728114182331,0.3421695286390642,0.2244072952978567,0.8542877182877184,VALID,ai2d,Trajectory Platt (5D),Target Adapted (Saerens-EM)
0.10855011267215016,10.855011267215016,0.10280845142155885,10.280845142155885,0.1065150386058617,0.23865043586147003,0.022132277730714217,0.248775,0.027579060001238893,0.01748270776503978,0.676711888252437,0.6833317870725624,0.3301549256748848,0.22182507339514784,0.8359545559545561,VALID,ai2d,Trajectory Platt (17D),Zero-Shot Base
0.0649203362913515,6.4920336291351495,0.07228076588853616,7.228076588853616,0.06298210774934006,0.231592561071052,0.029190152521132245,0.248775,0.027129119551991893,0.00976934795139662,0.676711888252437,0.6631854183588913,0.31000910539410115,0.225427160610682,0.8359545559545561,VALID,ai2d,Trajectory Platt (17D),Target Adapted (Saerens-EM)
0.09287907766797705,9.287907766797705,0.08896536740914947,8.896536740914947,0.08895345810223372,0.20967274976589037,0.051109963826293875,0.248775,0.04976143675692109,0.010721968622870105,0.7377670585870768,0.6078331077562018,0.23443563884805887,0.20837746669665627,0.9932486972486972,VALID,ai2d,Best 5D Trajectory,Zero-Shot Base
0.04468348117646083,4.468348117646083,0.05579301205660161,5.579301205660161,0.04769396989710334,0.20342442220759183,0.05735829138459242,0.248775,0.04925765098883626,0.003083309224085158,0.7377670585870768,0.5891033486930062,0.20163422961134023,0.19996714610969316,0.9932486972486972,VALID,ai2d,Best 5D Trajectory,Target Adapted (Saerens-EM)
0.09287907766797705,9.287907766797705,0.08896536740914947,8.896536740914947,0.08895345810223372,0.20967274976589037,0.051109963826293875,0.248775,0.04976143675692109,0.010721968622870105,0.7377670585870768,0.6078331077562018,0.23443563884805887,0.20837746669665627,0.9932486972486972,VALID,ai2d,Two-Stage Residual,Zero-Shot Base
0.04468348117646083,4.468348117646083,0.05579301205660161,5.579301205660161,0.04769396989710334,0.20342442220759183,0.05735829138459242,0.248775,0.04925765098883626,0.003083309224085158,0.7377670585870768,0.5891033486930062,0.20163422961134023,0.19996714610969316,0.9932486972486972,VALID,ai2d,Two-Stage Residual,Target Adapted (Saerens-EM)
0.09935628565948006,9.935628565948006,0.10005863084516607,10.005863084516607,0.09733284134894671,0.21248673602110296,0.04829597757108128,0.248775,0.04756351756204271,0.011533195398254328,0.7342216862626871,0.614294429915157,0.24267086214211206,0.20761267896825183,0.9882438642438642,VALID,ai2d,VCPS-5D (Our Method),Zero-Shot Base
0.055095454644349166,5.509545464434916,0.06217657130408091,6.217657130408091,0.04944115979252652,0.2049447496563758,0.05583796393580845,0.248775,0.048080221229260874,0.00452344793484436,0.7342216862626871,0.5946587711341776,0.2111450198678582,0.20502490338003648,0.9882438642438642,VALID,ai2d,VCPS-5D (Our Method),Target Adapted (Saerens-EM)
0.10186927553610665,10.186927553610666,0.1018692755361067,10.18692755361067,0.10191539448467443,0.21567341526133305,0.0451092983308512,0.248775,0.04346255064292563,0.011840754153368712,0.7301497336951059,0.6221057527291807,0.2544833072667081,0.21351513052438129,0.9798337758337758,VALID,ai2d,VCPS-17D (Our Method),Zero-Shot Base
0.0681464017582793,6.81464017582793,0.07325467830062428,7.325467830062428,0.0675219965321621,0.21018644892655103,0.05059626466563322,0.248775,0.045288702361586206,0.005866110473024675,0.7301497336951059,0.6076539902409127,0.22854348561729432,0.21341634038986562,0.9798337758337758,VALID,ai2d,VCPS-17D (Our Method),Target Adapted (Saerens-EM)
0.35567707539325427,35.567707539325426,0.3576556330139777,35.76556330139777,0.35566793416958825,0.28109040239778516,-0.06806330615373046,0.097119,0.00728551955212744,0.1907729844802677,0.4283507861489513,0.769900750437135,0.430812115188747,0.21589587216498074,1.0,COLLAPSED,chartqa,Platt Scaling (1D),Zero-Shot Base
0.4227684920923673,42.27684920923673,0.4227684920923672,42.27684920923672,0.4222172501471421,0.33223995068968215,-0.11921285444562746,0.097119,0.007207816832573453,0.24213985242242175,0.4283507861489513,0.8983819252297274,0.6298230686543065,0.21370386967047353,1.0,COLLAPSED,chartqa,Platt Scaling (1D),Target Adapted (Saerens-EM)
0.273482546511755,27.348254651175502,0.27398598348302816,27.398598348302816,0.27661719241233035,0.2057930834165058,0.007234012827548902,0.097119,0.0012337209716171364,0.10917850423639656,0.5156766441170111,0.5973134124883377,0.21609272395610676,0.18871832674680236,0.830644943136878,VALID,chartqa,Trajectory LR,Zero-Shot Base
0.07383485779265031,7.3834857792650315,0.06937470394583635,6.937470394583635,0.07188453588607872,0.10269599077532,0.11033110546873469,0.097119,0.00017370359852382318,0.005904792771850872,0.5156766441170111,0.4160894719757153,0.10308681742319985,0.04033561330008824,0.830644943136878,VALID,chartqa,Trajectory LR,Target Adapted (Saerens-EM)
0.3626552104179141,36.26552104179141,0.36124414455128384,36.12441445512838,0.36337649051946896,0.27471374548038135,-0.06168664923632666,0.097119,0.0026465185388212407,0.18033206408295213,0.4038962509910522,0.7481097276022577,0.4185168446204652,0.1897985290220745,0.8981610248555081,COLLAPSED,chartqa,Trajectory LR (No Bias),Zero-Shot Base
0.4711592135356673,47.11592135356673,0.47038520347772905,47.0385203477729,0.4715569882443984,0.36643463585998937,-0.15340753961593467,0.097119,0.0027817635746619973,0.27161174912999364,0.4038962509910522,0.9652842086128397,0.7327232745346816,0.18881762574791836,0.8981610248555081,COLLAPSED,chartqa,Trajectory LR (No Bias),Target Adapted (Saerens-EM)
0.273475779607892,27.3475779607892,0.2739766256660223,27.397662566602232,0.27660844092235387,0.2057801071463439,0.007246989097710793,0.097119,0.0012337209716171364,0.10916711330828734,0.5156972374097757,0.5972837230269368,0.21605105488793305,0.18869690327135202,0.8306196711115302,VALID,chartqa,Trajectory Platt (5D),Zero-Shot Base
0.07390817131581248,7.390817131581248,0.06941956555787147,6.941956555787147,0.07197342008822756,0.10270277469117677,0.11032432155287793,0.097119,0.00017873315559028695,0.0059019094427811515,0.5156972374097757,0.4162486389143117,0.1030813018202719,0.04024040470171887,0.8306196711115302,VALID,chartqa,Trajectory Platt (5D),Target Adapted (Saerens-EM)
0.2463099671266973,24.63099671266973,0.24562178855761885,24.562178855761886,0.24946546416828771,0.18712641007735278,0.02590068616670191,0.097119,0.0010871621301496365,0.09075494369123163,0.5317908957052688,0.5563295635644652,0.17770814890169406,0.18825382836176627,0.7275146556971998,VALID,chartqa,Trajectory Platt (17D),Zero-Shot Base
0.10897529748779614,10.897529748779613,0.10897529748779615,10.897529748779615,0.1032549428627352,0.10899404911627124,0.10403304712778345,0.097119,0.0,0.011875615462553666,0.5317908957052688,1.1950623038087755,0.09957265415595404,2.7891740622696805e-05,0.7275146556971998,COLLAPSED,chartqa,Trajectory Platt (17D),Target Adapted (Saerens-EM)
0.3479537133113313,34.795371331133126,0.3479537133113313,34.795371331133126,0.3481265620201274,0.27560296993068606,-0.06257587368663137,0.097119,0.00512364707411209,0.18318205993746406,0.4378957773453186,0.7571926752295142,0.4044857768201335,0.2185680444791963,0.9974844104768638,COLLAPSED,chartqa,Best 5D Trajectory,Zero-Shot Base
0.37963823051598433,37.96382305159843,0.37963823051598444,37.963823051598446,0.37939530302569086,0.29882756813107625,-0.08580047188702156,0.097119,0.0062750043188660445,0.20770630706551005,0.4378957773453186,0.8144595912344369,0.5000427710297798,0.218917816933962,0.9974844104768638,COLLAPSED,chartqa,Best 5D Trajectory,Target Adapted (Saerens-EM)
0.3479537133113313,34.795371331133126,0.3479537133113313,34.795371331133126,0.3481265620201274,0.27560296993068606,-0.06257587368663137,0.097119,0.00512364707411209,0.18318205993746406,0.4378957773453186,0.7571926752295142,0.4044857768201335,0.2185680444791963,0.9974844104768638,COLLAPSED,chartqa,Two-Stage Residual,Zero-Shot Base
0.37963823051598433,37.96382305159843,0.37963823051598444,37.963823051598446,0.37939530302569086,0.29882756813107625,-0.08580047188702156,0.097119,0.0062750043188660445,0.20770630706551005,0.4378957773453186,0.8144595912344369,0.5000427710297798,0.218917816933962,0.9974844104768638,COLLAPSED,chartqa,Two-Stage Residual,Target Adapted (Saerens-EM)
0.3306113106718659,33.06113106718659,0.33061131067186583,33.06113106718659,0.33060545013395704,0.2561305352139934,-0.043103438969938734,0.097119,0.004969140981087091,0.16388577137058916,0.4452784728014086,0.7113978791231526,0.3609385479340133,0.2046899323133575,0.991792066767443,COLLAPSED,chartqa,VCPS-5D (Our Method),Zero-Shot Base
0.2832259359642632,28.32259359642632,0.2882782898995809,28.82782898995809,0.2837438000259979,0.22501663302287686,-0.011989536778822169,0.097119,0.004990548082992739,0.13277399258224962,0.4452784728014086,0.639276277113688,0.2549858875017071,0.20046524133125543,0.991792066767443,COLLAPSED,chartqa,VCPS-5D (Our Method),Target Adapted (Saerens-EM)
0.3073982544318574,30.739825443185744,0.3073982544318575,30.739825443185747,0.307547190230974,0.23502149421110122,-0.021994397967046525,0.097119,0.0037623057662670278,0.14086798055858046,0.45397913899442954,0.6634074757341062,0.30136932288325646,0.19485889240102092,0.9753277382537217,COLLAPSED,chartqa,VCPS-17D (Our Method),Zero-Shot Base
0.16211760069442482,16.211760069442484,0.17358333974610815,17.358333974610815,0.16890265121571787,0.14521680322701974,0.06781029301703495,0.097119,0.002905485245283207,0.05094193393435342,0.45397913899442954,0.4638824979386866,0.12208606802459707,0.15901380179060487,0.9753277382537217,VALID,chartqa,VCPS-17D (Our Method),Target Adapted (Saerens-EM)
0.29092033415093954,29.092033415093955,0.2909203341509396,29.092033415093958,0.2909186786904161,0.14645486263490898,0.06279953093077176,0.0384,0.000871702752173595,0.10893826415472074,0.6163802083333334,0.46274593865817654,0.08323678333789435,0.1636905975205632,1.0,VALID,docvqa,Platt Scaling (1D),Zero-Shot Base
0.03999780341515186,3.9997803415151862,0.03999804518412816,3.999804518412816,0.03424864188915095,0.03999981567490654,0.1692545778907742,0.0384,0.0,0.001599824278037134,0.6163802083333334,0.5255588070837036,0.022001378990994146,2.5636881386386117e-06,1.0,COLLAPSED,docvqa,Platt Scaling (1D),Target Adapted (Saerens-EM)
0.21227654220253103,21.227654220253104,0.2122765422025311,21.227654220253108,0.212670230949613,0.10045407677880401,0.10880031678687672,0.0384,0.002539714434586497,0.06400332705266244,0.6714583333333333,0.3486835695067194,0.03703829849038966,0.1628263598615766,0.7725872085872086,VALID,docvqa,Trajectory LR,Zero-Shot Base
0.03999961564985755,3.9999615649857554,0.03999964539790302,3.9999645397903025,0.03999961564985755,0.03999992965773666,0.16925446390794407,0.0384,0.0,0.001599969252136329,0.6690104166666667,0.5844026867358455,0.021506213980187254,5.229984810136106e-07,1.0,COLLAPSED,docvqa,Trajectory LR,Target Adapted (Saerens-EM)
0.3177959602214141,31.77959602214141,0.317795960221414,31.779596022141398,0.31789803567245895,0.16142791538577086,0.04782647817990987,0.0384,0.0009492102137225987,0.12378214716974038,0.564921875,0.49817557524560424,0.1036757084319121,0.16065548108892594,0.7137500457500457,VALID,docvqa,Trajectory LR (No Bias),Zero-Shot Base
0.03999587814641523,3.999587814641523,0.03999698530087567,3.999698530087567,0.03425153963111063,0.039999532839250236,0.1692548607264305,0.0384,0.0,0.0015996702687028955,0.564921875,0.4990337254844202,0.03452976050379695,3.618032982320072e-06,0.7137500457500457,COLLAPSED,docvqa,Trajectory LR (No Bias),Target Adapted (Saerens-EM)
0.2122815336808562,21.22815336808562,0.21228153368085623,21.22815336808562,0.21267425988033561,0.10045081750159926,0.10880357606408148,0.0384,0.002539894424803388,0.06399485808501584,0.6714322916666666,0.34868118698761136,0.03703457484082686,0.16280414913371896,0.7726594366594367,VALID,docvqa,Trajectory Platt (5D),Zero-Shot Base
0.039999616317946046,3.9999616317946045,0.039999646041224135,3.9999646041224137,0.039999616317946046,0.03999992980271216,0.16925446376296857,0.0384,0.0,0.0015999693055828957,0.6690104166666666,0.5844701253035126,0.021417629908814916,5.218966118100459e-07,1.0,COLLAPSED,docvqa,Trajectory Platt (5D),Target Adapted (Saerens-EM)
0.18225853466428818,18.225853466428816,0.18225853466428815,18.225853466428816,0.18752327987665066,0.08984065484083885,0.11941373872484189,0.0384,0.003258160391768862,0.054487714775469695,0.7270052083333334,0.31123319201659105,0.02958372007019314,0.17680790994500858,0.7684171324171325,VALID,docvqa,Trajectory Platt (17D),Zero-Shot Base
0.03999959250259359,3.999959250259359,0.03999963645540071,3.999963645540071,0.03999959250259359,0.03999990377448503,0.1692544897911957,0.0384,0.0,0.0015999674003735415,0.7216927083333333,0.5764026816891796,0.019579101973500435,6.704801543992118e-07,1.0,COLLAPSED,docvqa,Trajectory Platt (17D),Target Adapted (Saerens-EM)
0.2755381341172634,27.553813411726342,0.2755381341172634,27.553813411726342,0.27556083119271446,0.13783155154215251,0.07142284202352822,0.0384,0.0008847510612002182,0.10003472243711828,0.630078125,0.4414408930728998,0.07255628657886137,0.16655711346930177,0.9962894522894523,VALID,docvqa,Best 5D Trajectory,Zero-Shot Base
0.03999829171161995,3.999829171161995,0.03999847058608609,3.999847058608609,0.03424911361023308,0.03999984533999841,0.1692545482256823,0.0384,0.0,0.0015998633398478452,0.630078125,0.534654260938549,0.02133098217501069,2.1523305574886646e-06,0.9962894522894523,COLLAPSED,docvqa,Best 5D Trajectory,Target Adapted (Saerens-EM)
0.2755381341172634,27.553813411726342,0.2755381341172634,27.553813411726342,0.27556083119271446,0.13783155154215251,0.07142284202352822,0.0384,0.0008847510612002182,0.10003472243711828,0.630078125,0.4414408930728998,0.07255628657886137,0.16655711346930177,0.9962894522894523,VALID,docvqa,Two-Stage Residual,Zero-Shot Base
0.03999829171161995,3.999829171161995,0.03999847058608609,3.999847058608609,0.03424911361023308,0.03999984533999841,0.1692545482256823,0.0384,0.0,0.0015998633398478452,0.630078125,0.534654260938549,0.02133098217501069,2.1523305574886646e-06,0.9962894522894523,COLLAPSED,docvqa,Two-Stage Residual,Target Adapted (Saerens-EM)
0.2683889665127267,26.83889665127267,0.26838896651272665,26.838896651272666,0.2683577437838335,0.12936658523596692,0.07988780832971382,0.0384,0.0007981135163432234,0.09170808051650392,0.640390625,0.42490288374022356,0.059873425592647425,0.1538791276760907,0.9945355425355425,VALID,docvqa,VCPS-5D (Our Method),Zero-Shot Base
0.03999894018507468,3.9998940185074683,0.03999906974413638,3.9999069744136384,0.0342494852208872,0.03999989361790109,0.16925449994777964,0.0384,0.0,0.0015999152159291822,0.640390625,0.5511897518217515,0.020790063098013678,1.3833731322198035e-06,0.9945355425355425,COLLAPSED,docvqa,VCPS-5D (Our Method),Target Adapted (Saerens-EM)
0.2514326552525285,25.14326552525285,0.2514326552525285,25.14326552525285,0.25142297722785106,0.11786285549663184,0.0913915380690489,0.0384,0.001883359323414522,0.08139706471987132,0.6728645833333333,0.3967273485219995,0.049119300217353785,0.15530809023528205,0.9773684813684815,VALID,docvqa,VCPS-17D (Our Method),Zero-Shot Base
0.03999889474602728,3.9998894746027283,0.039999023696286565,3.9999023696286566,0.03425098538994632,0.03999983705195166,0.16925455651372906,0.0384,0.0,0.001599911580903769,0.6728645833333333,0.5430555191267358,0.019048499906312705,1.5053436350632122e-06,0.9773684813684815,COLLAPSED,docvqa,VCPS-17D (Our Method),Target Adapted (Saerens-EM)
0.30884141035762036,30.884141035762035,0.30781356711307856,30.781356711307854,0.30787728504489925,0.2870626662000884,-0.005415862864613374,0.22628399999999999,0.046754113476601356,0.10801036979469893,0.7704588039808383,0.7759496832706814,0.3803282236997991,0.16394145703232796,1.0,COLLAPSED,gqa,Platt Scaling (1D),Zero-Shot Base
0.6210759129766995,62.10759129766995,0.6210759129766995,62.10759129766995,0.6262147729210035,0.6033607633335119,-0.3217139599980368,0.22628399999999999,0.009104504495504494,0.39001471677622357,0.7704588039808383,2.331000611498643,0.4525970684560871,0.04253178656672182,1.0,COLLAPSED,gqa,Platt Scaling (1D),Target Adapted (Saerens-EM)
0.2632800028986558,26.328000289865578,0.2632800028986557,26.32800028986557,0.26346416200237804,0.26275890220897075,0.018887901126504292,0.22628399999999999,0.03724550532088106,0.07505303104959513,0.7475473299040145,0.7342894527245069,0.3419695885244345,0.22828391788883443,0.9121037123126459,VALID,gqa,Trajectory LR,Zero-Shot Base
0.3572748458909211,35.727484589092114,0.3572748458909211,35.727484589092114,0.35709441949003085,0.32236786672155365,-0.040721063386078615,0.22628399999999999,0.03728155409791002,0.1340778495046343,0.7475473299040145,0.9007643562818802,0.4282343435130266,0.21104700290691575,0.9121037123126459,COLLAPSED,gqa,Trajectory LR,Target Adapted (Saerens-EM)
0.2571331378728327,25.71331378728327,0.25713313787283276,25.713313787283276,0.25718209525736474,0.2662782728238534,0.015368530511621625,0.22628399999999999,0.028781149304813784,0.06948348589728094,0.7095950221845115,0.7376297818475457,0.3843941029767293,0.20008951833917027,0.8096787849658942,VALID,gqa,Trajectory LR (No Bias),Zero-Shot Base
0.3574230771084552,35.74230771084552,0.35742307710845533,35.74230771084553,0.357053022661863,0.32861681212141386,-0.04697000878593882,0.22628399999999999,0.029719626735692114,0.13236948340691537,0.7095950221845115,0.9028191637649131,0.4808400881382961,0.18758482447281,0.8096787849658942,COLLAPSED,gqa,Trajectory LR (No Bias),Target Adapted (Saerens-EM)
0.2632731620445848,26.32731620445848,0.2632731620445848,26.32731620445848,0.26345718690503617,0.26275391808491966,0.01889288525055538,0.22628399999999999,0.03724550532088106,0.0750467984816013,0.7475384914532179,0.7342726812523855,0.34197613073047345,0.2282625683173452,0.9120707722794094,VALID,gqa,Trajectory Platt (5D),Zero-Shot Base
0.35726992917825734,35.72699291782573,0.3572699291782573,35.726992917825726,0.3570900196608027,0.32236288465705515,-0.04071608132158011,0.22628399999999999,0.03728155409791002,0.13407185239639027,0.7475384914532179,0.900737084738439,0.4282489201072387,0.21102539862812203,0.9120707722794094,COLLAPSED,gqa,Trajectory Platt (5D),Target Adapted (Saerens-EM)
0.2546756501048803,25.46756501048803,0.25467565010488036,25.467565010488038,0.2545048700751232,0.2629151787246365,0.01873162461083855,0.22628399999999999,0.03406870224177188,0.07092949639164077,0.733370454826678,0.743093690214042,0.3462573783807494,0.2395545165750922,0.8920042800323187,VALID,gqa,Trajectory Platt (17D),Zero-Shot Base
0.31444507849789755,31.444507849789755,0.3144450784978976,31.44450784978976,0.31358210062727976,0.2974612603751443,-0.015814457039669272,0.22628399999999999,0.03427944469013963,0.10573168229783497,0.733370454826678,0.8391503618218403,0.4021223250734073,0.22993731654384172,0.8920042800323187,COLLAPSED,gqa,Trajectory Platt (17D),Target Adapted (Saerens-EM)
0.30475883431255424,30.475883431255426,0.30200247520320417,30.200247520320417,0.30210850042092025,0.2818740733153178,-0.0002272699798427369,0.22628399999999999,0.04481823610242815,0.10131831842202045,0.7707924554984003,0.7659255284027684,0.36854780580540064,0.17659442518187912,0.995147864104195,COLLAPSED,gqa,Best 5D Trajectory,Zero-Shot Base
0.5818982167575167,58.18982167575167,0.5818982167575166,58.18982167575166,0.5870573966867936,0.5485562971637742,-0.26690949382829915,0.22628399999999999,0.027057077645411286,0.35201147286651685,0.7707924554984003,1.8086929410643797,0.45249008859899914,0.08013209328726868,0.995147864104195,COLLAPSED,gqa,Best 5D Trajectory,Target Adapted (Saerens-EM)
0.30475883431255424,30.475883431255426,0.30200247520320417,30.200247520320417,0.30210850042092025,0.2818740733153178,-0.0002272699798427369,0.22628399999999999,0.04481823610242815,0.10131831842202045,0.7707924554984003,0.7659255284027684,0.36854780580540064,0.17659442518187912,0.995147864104195,COLLAPSED,gqa,Two-Stage Residual,Zero-Shot Base
0.5818982167575167,58.18982167575167,0.5818982167575166,58.18982167575166,0.5870573966867936,0.5485562971637742,-0.26690949382829915,0.22628399999999999,0.027057077645411286,0.35201147286651685,0.7707924554984003,1.8086929410643797,0.45249008859899914,0.08013209328726868,0.995147864104195,COLLAPSED,gqa,Two-Stage Residual,Target Adapted (Saerens-EM)
0.3020525279721475,30.205252797214747,0.30077673509071856,30.077673509071857,0.30094568170546415,0.28237574887338146,-0.0007289455379064225,0.22628399999999999,0.043505285143753625,0.10078512954313373,0.7699041911933676,0.7671491970981066,0.35417716001729455,0.18722396588865733,0.993946236891753,COLLAPSED,gqa,VCPS-5D (Our Method),Zero-Shot Base
0.5473681684634168,54.73681684634168,0.5473681684634168,54.73681684634168,0.5512265731321652,0.5050184550460882,-0.22337165171061318,0.22628399999999999,0.035751598317505275,0.3162086013603228,0.7699041911933676,1.5602104854186896,0.45207021895409716,0.11367615431502885,0.993946236891753,COLLAPSED,gqa,VCPS-5D (Our Method),Target Adapted (Saerens-EM)
0.3016034626989235,30.16034626989235,0.29709677152551306,29.709677152551308,0.2976180046199575,0.28067486305077377,0.000971940284701267,0.22628399999999999,0.04348364786949439,0.09886435043002202,0.7646939244489226,0.7653459863652761,0.3466173208744689,0.2022604566775782,0.9874759923632764,COLLAPSED,gqa,VCPS-17D (Our Method),Zero-Shot Base
0.5056674616544733,50.56674616544733,0.5056674616544734,50.56674616544734,0.5084455458640286,0.4575542019139269,-0.17590739857845183,0.22628399999999999,0.04015009188293204,0.2726986480070759,0.7646939244489226,1.3496652318387665,0.4529850730125602,0.14935923292394948,0.9874759923632764,COLLAPSED,gqa,VCPS-17D (Our Method),Target Adapted (Saerens-EM)
0.49031522015669693,49.031522015669694,0.490315220156697,49.0315220156697,0.4903820160922204,0.3018318692592918,-0.09399131810061778,0.006951,6.897453653765946e-05,0.29461207162381237,0.7282405409293626,0.8201719980242567,0.46267866779117367,0.23921190063590259,1.0,COLLAPSED,infographicvqa,Platt Scaling (1D),Zero-Shot Base
0.6319839647800259,63.19839647800259,0.6319839647800259,63.19839647800259,0.6288226353171694,0.45342565093389686,-0.24558509977522286,0.006951,5.392855385617517e-05,0.44617199868342694,0.7282405409293626,1.241926497090074,0.8664661769277919,0.22274613720596362,1.0,COLLAPSED,infographicvqa,Platt Scaling (1D),Target Adapted (Saerens-EM)
0.42130688187020704,42.1306881870207,0.42130688187020693,42.130688187020695,0.4218271134393831,0.2250968650822767,-0.01725631392360269,0.006951,0.00010194112554605929,0.21784708144645076,0.7079556898288015,0.6338421322743065,0.23879000722550642,0.20676135852068245,0.853488075169468,COLLAPSED,infographicvqa,Trajectory LR,Zero-Shot Base
0.2929304159368983,29.29304159368983,0.2929304159368983,29.29304159368983,0.2953776327901012,0.12235732290705306,0.08548322825162094,0.006951,8.926460465523859e-05,0.11528382525477453,0.7079556898288015,0.39617759121236484,0.042230144396976116,0.1772417678114835,0.853488075169468,VALID,infographicvqa,Trajectory LR,Target Adapted (Saerens-EM)
0.4873021876902108,48.73021876902108,0.48730218769021083,48.730218769021086,0.4873406155728445,0.2782246320293639,-0.07038408087068992,0.006951,7.586495106906459e-05,0.2711269487797567,0.6587541360955258,0.7573367932910378,0.44678315509065875,0.1876309725479943,0.909223499406511,COLLAPSED,infographicvqa,Trajectory LR (No Bias),Zero-Shot Base
0.7202066666935585,72.02066666935585,0.7202066666935586,72.02066666935586,0.7195069479380906,0.5483989641463084,-0.3405584129876344,0.006951,5.1287721079800286e-05,0.5411965948949092,0.6587541360955258,1.462412974782364,0.9741921749921924,0.1549483401305831,0.909223499406511,COLLAPSED,infographicvqa,Trajectory LR (No Bias),Target Adapted (Saerens-EM)
0.4212963441461325,42.12963441461325,0.4212963441461325,42.12963441461325,0.42181615762643265,0.22508304531783502,-0.017242494159161015,0.006951,0.00010194112554605929,0.21783347140167048,0.7079556898288015,0.6338111720202037,0.23874991645614585,0.20674958381190975,0.8534813431626753,COLLAPSED,infographicvqa,Trajectory Platt (5D),Zero-Shot Base
0.29285284754814345,29.285284754814345,0.29285284754814345,29.285284754814345,0.2952999882247386,0.12229998463218023,0.08554056652649378,0.006951,8.926282649812062e-05,0.1152257645362312,0.7079556898288015,0.3960459586041832,0.04215438263467061,0.177207836130588,0.8534813431626753,VALID,infographicvqa,Trajectory Platt (5D),Target Adapted (Saerens-EM)
0.39615554527752095,39.615554527752096,0.396155545277521,39.6155545277521,0.3993320897234034,0.2052570737314434,0.0025834774272306127,0.006951,4.010407076179096e-05,0.1981699230472011,0.6997554308732556,0.585847343170598,0.19556689796807944,0.2083966426450284,0.812891968207996,VALID,infographicvqa,Trajectory Platt (17D),Zero-Shot Base
0.153547713406391,15.3547713406391,0.15354771340639106,15.354771340639106,0.15923468757329973,0.04329492865622999,0.164545622502444,0.006951,3.865007839089708e-05,0.03610840457458436,0.6997554308732556,0.19484081236671966,0.003047983147547437,0.11807347460798966,0.812891968207996,VALID,infographicvqa,Trajectory Platt (17D),Target Adapted (Saerens-EM)
0.4856851883668639,48.568518836686394,0.4856851883668639,48.568518836686394,0.48594937833004187,0.29856014023587113,-0.09071958907719713,0.006951,4.945149172208204e-05,0.291582962559854,0.7275212199683498,0.8114566567989043,0.4332323887777973,0.2418908256530183,0.99795122893279,COLLAPSED,infographicvqa,Best 5D Trajectory,Zero-Shot Base
0.6076106211896938,60.76106211896938,0.6076106211896938,60.76106211896938,0.6048957862174302,0.4271553029493516,-0.2193147517906776,0.006951,5.738362409195743e-05,0.41990704038700116,0.7275212199683498,1.1650897557462627,0.8308186057191626,0.23167008965980113,0.99795122893279,COLLAPSED,infographicvqa,Best 5D Trajectory,Target Adapted (Saerens-EM)
0.4856851883668639,48.568518836686394,0.4856851883668639,48.568518836686394,0.48594937833004187,0.29856014023587113,-0.09071958907719713,0.006951,4.945149172208204e-05,0.291582962559854,0.7275212199683498,0.8114566567989043,0.4332323887777973,0.2418908256530183,0.99795122893279,COLLAPSED,infographicvqa,Two-Stage Residual,Zero-Shot Base
0.6076106211896938,60.76106211896938,0.6076106211896938,60.76106211896938,0.6048957862174302,0.4271553029493516,-0.2193147517906776,0.006951,5.738362409195743e-05,0.41990704038700116,0.7275212199683498,1.1650897557462627,0.8308186057191626,0.23167008965980113,0.99795122893279,COLLAPSED,infographicvqa,Two-Stage Residual,Target Adapted (Saerens-EM)
0.46980604790869557,46.980604790869556,0.4698060479086955,46.98060479086955,0.4699107950646547,0.2771439467684847,-0.06930339560981069,0.006951,8.421251225519007e-05,0.27000710626628693,0.7335635160408575,0.758097614020477,0.38477914678558967,0.2283330002404668,0.9894885983939958,COLLAPSED,infographicvqa,VCPS-5D (Our Method),Zero-Shot Base
0.5514504732041661,55.14504732041661,0.551450473204166,55.145047320416595,0.5507381056106917,0.35971639100700264,-0.15187583984832864,0.006951,4.575455800059901e-05,0.3524907383429426,0.7335635160408575,0.9697956919988494,0.720202350554246,0.22648467837588296,0.9894885983939958,COLLAPSED,infographicvqa,VCPS-5D (Our Method),Target Adapted (Saerens-EM)
0.45077352183200164,45.07735218320016,0.45077352183200176,45.077352183200176,0.4509784852967186,0.2569318290154596,-0.049091277856785576,0.006951,9.971981643320834e-05,0.24987785832069484,0.7350021579628829,0.7096326536378114,0.322341408033031,0.22223752613326367,0.9762169390028915,COLLAPSED,infographicvqa,VCPS-17D (Our Method),Zero-Shot Base
0.4610996357410668,46.109963574106686,0.46109963574106694,46.10996357410669,0.4612104723948297,0.266673430447061,-0.058832879288386986,0.006951,8.453461998155611e-05,0.25947337752137023,0.7350021579628829,0.7332846005459959,0.35928459458728823,0.22298498145291099,0.9762169390028915,COLLAPSED,infographicvqa,VCPS-17D (Our Method),Target Adapted (Saerens-EM)
0.06914268653443661,6.914268653443662,0.09127609597179638,9.127609597179639,0.07436909814589637,0.2059420498003209,0.020284066862733985,0.197559,0.011567874089295972,0.020557911639173015,0.53420244078984,0.6012784057286453,0.2515853400730423,0.07328479160421114,1.0,VALID,lego-puzzles,Platt Scaling (1D),Zero-Shot Base
0.27099951791797333,27.099951791797334,0.2709995179179734,27.099951791797338,0.27099951791797333,0.2709997500232159,-0.04477363336016102,0.197559,0.0,0.07344073871177395,0.53420244078984,3.96280295329662,0.2515561478933989,1.9200761137077517e-07,1.0,COLLAPSED,lego-puzzles,Platt Scaling (1D),Target Adapted (Saerens-EM)
0.13025599938530596,13.025599938530597,0.12416338723974774,12.416338723974773,0.13038526607899686,0.23401075137263747,-0.007784634709582572,0.197559,0.00907468521311038,0.045479585227641936,0.48963853836069227,0.6617353836578197,0.356625728188923,0.10831426538033014,0.8154681777002004,COLLAPSED,lego-puzzles,Trajectory LR,Zero-Shot Base
0.2709190998690331,27.09190998690331,0.2709190998690331,27.09190998690331,0.26504697086842716,0.2709620845600792,-0.044735967897024304,0.197559,0.0,0.07339715867384713,0.48963853836069227,2.6081484996980517,0.27056148492716237,5.031005440858117e-05,0.8154681777002004,COLLAPSED,lego-puzzles,Trajectory LR,Target Adapted (Saerens-EM)
0.11037930065147059,11.037930065147059,0.11079919739763375,11.079919739763374,0.11253367450967662,0.21438246649199635,0.01184365017105854,0.197559,0.0004597192097887221,0.01694475404891792,0.5070966141760183,0.6200971615437518,0.26576145891763747,0.07474447413129205,0.28754240185553787,VALID,lego-puzzles,Trajectory LR (No Bias),Zero-Shot Base
0.2709968812388651,27.099688123886512,0.2709968812388651,27.099688123886512,0.2709968812388651,0.27099829994648134,-0.04477218328342644,0.197559,0.0,0.07343930964119157,0.5070966141760183,3.4477378582935025,0.26346358006940906,9.8675280615928e-07,1.0,COLLAPSED,lego-puzzles,Trajectory LR (No Bias),Target Adapted (Saerens-EM)
0.13016566278040412,13.016566278040411,0.1240818064659834,12.408180646598339,0.13028989066700908,0.2339977136380944,-0.007771596975039513,0.197559,0.00907468521311038,0.04546465687278087,0.4896031059076023,0.6617073698922342,0.3563983270635919,0.10834838587385927,0.8153131435428407,COLLAPSED,lego-puzzles,Trajectory Platt (5D),Zero-Shot Base
0.2709216387175473,27.09216387175473,0.2709216387175473,27.09216387175473,0.2650531676469261,0.2709632772198747,-0.04473716055681978,0.197559,0.0,0.07339853432540124,0.4896031059076023,2.6168226582406877,0.2705876046962104,4.875334345474701e-05,0.8153131435428407,COLLAPSED,lego-puzzles,Trajectory Platt (5D),Target Adapted (Saerens-EM)
0.0729795384518802,7.29795384518802,0.08908781398460269,8.908781398460269,0.07405758261855831,0.21840656476745202,0.007819551895602878,0.197559,0.010443280367076316,0.030925782406154904,0.515235954828684,0.6295583040727408,0.2675951249696475,0.10737876639126369,0.8704345514910697,VALID,lego-puzzles,Trajectory Platt (17D),Zero-Shot Base
0.2709990331919538,27.099903319195377,0.27099903319195373,27.099903319195374,0.2709990331919538,0.2709995364178251,-0.0447734197547702,0.197559,0.0,0.07344047599097367,0.515235954828684,3.8059818314926406,0.26041381760740423,6.08646704308035e-07,1.0,COLLAPSED,lego-puzzles,Trajectory Platt (17D),Target Adapted (Saerens-EM)
0.06570804360534765,6.5708043605347655,0.09289047822878617,9.289047822878617,0.0711059307001814,0.2094487099831887,0.016777406679866186,0.197559,0.011573615977468522,0.023574972660617415,0.5277841050015438,0.6085246379574615,0.25623143757037864,0.08359975606441891,0.9884420232686535,VALID,lego-puzzles,Best 5D Trajectory,Zero-Shot Base
0.27099926970335064,27.099926970335066,0.27099926970335064,27.099926970335066,0.27099926970335064,0.27099963041273656,-0.044773513749681665,0.197559,0.0,0.07344060417974937,0.5277841050015438,3.858669395901399,0.2531211486576864,3.4246920492024105e-07,1.0,COLLAPSED,lego-puzzles,Best 5D Trajectory,Target Adapted (Saerens-EM)
0.06570804360534765,6.5708043605347655,0.09289047822878617,9.289047822878617,0.0711059307001814,0.2094487099831887,0.016777406679866186,0.197559,0.011573615977468522,0.023574972660617415,0.5277841050015438,0.6085246379574615,0.25623143757037864,0.08359975606441891,0.9884420232686535,VALID,lego-puzzles,Two-Stage Residual,Zero-Shot Base
0.27099926970335064,27.099926970335066,0.27099926970335064,27.099926970335066,0.27099926970335064,0.27099963041273656,-0.044773513749681665,0.197559,0.0,0.07344060417974937,0.5277841050015438,3.858669395901399,0.2531211486576864,3.4246920492024105e-07,1.0,COLLAPSED,lego-puzzles,Two-Stage Residual,Target Adapted (Saerens-EM)
0.07064846877999449,7.064846877999449,0.08957465279330189,8.957465279330188,0.07263216171177767,0.21076402985681722,0.015462086806237674,0.197559,0.008645990126931328,0.02377135669468848,0.5277992903385824,0.6111792884882825,0.25793367889658103,0.08621720575942309,0.990483633340888,VALID,lego-puzzles,VCPS-5D (Our Method),Zero-Shot Base
0.2709994384090393,27.09994384090393,0.2709994384090393,27.09994384090393,0.2709994384090393,0.27099972038507775,-0.04477360372202285,0.197559,0.0,0.07344069561801468,0.5277992903385824,3.933958767033599,0.254074439761277,2.8380703225855694e-07,1.0,COLLAPSED,lego-puzzles,VCPS-5D (Our Method),Target Adapted (Saerens-EM)
0.0783523616810391,7.8352361681039095,0.09939213053526097,9.939213053526096,0.08011075144667004,0.2107759904054388,0.015450126257616104,0.197559,0.01077500886534603,0.024007046672745135,0.5281434913114563,0.6115459660731895,0.257394663749592,0.08731886110447798,0.9911208879877011,VALID,lego-puzzles,VCPS-17D (Our Method),Zero-Shot Base
0.2709994484595849,27.09994484595849,0.2709994484595849,27.09994484595849,0.2709994484595849,0.27099972680644235,-0.04477361014338746,0.197559,0.0,0.07344070106539921,0.5281434913114563,3.9409034145942807,0.2540947183159728,2.888715647067709e-07,1.0,COLLAPSED,lego-puzzles,VCPS-17D (Our Method),Target Adapted (Saerens-EM)
0.1581490315722045,15.81490315722045,0.15814903157220445,15.814903157220444,0.1583079931492897,0.1803546025145097,0.11346444444995818,0.20334400000000002,0.05161249308822948,0.02762134517944463,0.8070363521913604,0.5385505602160536,0.13970551836173659,0.2191235389538796,1.0,VALID,mmbench,Platt Scaling (1D),Zero-Shot Base
0.2839959426752975,28.39959426752975,0.28399611554035065,28.399611554035065,0.2782896627709185,0.2839962210162909,0.00982282594817696,0.20334400000000002,0.0,0.08065369545603085,0.8070363521913604,3.436719704825757,0.10710765059073124,3.6125973872289033e-06,1.0,COLLAPSED,mmbench,Platt Scaling (1D),Target Adapted (Saerens-EM)
0.15726960756428557,15.726960756428557,0.16059887599353756,16.059887599353758,0.15779284381939918,0.19431747603458743,0.09950157092988043,0.20334400000000002,0.04246897717970863,0.03412242953472153,0.7702956566212921,0.576759886167164,0.20769667623731006,0.24557203048165158,0.870539902986382,VALID,mmbench,Trajectory LR,Zero-Shot Base
0.22766399360007583,22.766399360007583,0.22766399360007578,22.76639936000758,0.24033840018505467,0.23881929234959498,0.05499975461487289,0.20334400000000002,0.03185975346383173,0.0689219250406992,0.7702956566212921,0.8124367306789941,0.12743728818983902,0.0685496341013843,0.870539902986382,VALID,mmbench,Trajectory LR,Target Adapted (Saerens-EM)
0.14025710287795973,14.025710287795972,0.14025710287795976,14.025710287795976,0.1441467088966166,0.18866667569746837,0.1051523712669995,0.20334400000000002,0.04193628811412491,0.02738930083168367,0.7653532929420095,0.5596881501914482,0.18199370869404374,0.22633680426463612,0.8133406511007389,VALID,mmbench,Trajectory LR (No Bias),Zero-Shot Base
0.2839954705583967,28.39954705583967,0.28399547055839663,28.399547055839662,0.27829504140889366,0.2839957586185248,0.009823288345943093,0.20334400000000002,0.0,0.08065342729768517,0.7653532929420095,3.452739593682519,0.13792027111795588,5.204104898210384e-06,0.8133406511007389,COLLAPSED,mmbench,Trajectory LR (No Bias),Target Adapted (Saerens-EM)
0.15741411110013726,15.741411110013726,0.16061158718913793,16.06115871891379,0.15780807483212708,0.1943318647418766,0.09948718222259126,0.20334400000000002,0.04277513659999848,0.034388418555017036,0.770275985522071,0.5767961049713608,0.2076705323468203,0.24557119153267706,0.8703363167803527,VALID,mmbench,Trajectory Platt (5D),Zero-Shot Base
0.2276248308594419,22.76248308594419,0.22762483085944207,22.762483085944208,0.24030785904713703,0.23879435047249462,0.05502469649197325,0.20334400000000002,0.03185975346383173,0.06889762879334999,0.770275985522071,0.8122845365354958,0.12745737417386271,0.06860043068021746,0.8703363167803527,VALID,mmbench,Trajectory Platt (5D),Target Adapted (Saerens-EM)
0.14277977949008344,14.277977949008344,0.14414083853736523,14.414083853736523,0.14500485959289727,0.1926498308629691,0.10116921610149876,0.20334400000000002,0.03942881806860028,0.028780395578155493,0.7611977732315682,0.5699196069840377,0.1910142924621727,0.23994840185171934,0.8481820383602228,VALID,mmbench,Trajectory Platt (17D),Zero-Shot Base
0.2798575553458379,27.985755534583788,0.27985755534583795,27.985755534583795,0.2970284188455562,0.2800465975023509,0.013772449462116976,0.20334400000000002,0.0,0.07832025128414873,0.7611977732315682,1.542660293588046,0.134222507378112,0.005717831086006152,0.8481820383602228,COLLAPSED,mmbench,Trajectory Platt (17D),Target Adapted (Saerens-EM)
0.1504171055613281,15.04171055613281,0.15041710556132815,15.041710556132815,0.15074359384522074,0.17850723862560733,0.11531180833886054,0.20334400000000002,0.05043837579606657,0.02556346213455517,0.8059495239593989,0.5334086741580941,0.13756891160234475,0.22916653578624369,0.996785346746771,VALID,mmbench,Best 5D Trajectory,Zero-Shot Base
0.2839954143771952,28.39954143771952,0.28399558886575554,28.399558886575555,0.27829692751471224,0.28399566045786717,0.009823386506600695,0.20334400000000002,0.0,0.08065339538727483,0.8059495239593989,3.406469580650139,0.10711905854167064,4.37759227042829e-06,0.996785346746771,COLLAPSED,mmbench,Best 5D Trajectory,Target Adapted (Saerens-EM)
0.1504171055613281,15.04171055613281,0.15041710556132815,15.041710556132815,0.15074359384522074,0.17850723862560733,0.11531180833886054,0.20334400000000002,0.05043837579606657,0.02556346213455517,0.8059495239593989,0.5334086741580941,0.13756891160234475,0.22916653578624369,0.996785346746771,VALID,mmbench,Two-Stage Residual,Zero-Shot Base
0.2839954143771952,28.39954143771952,0.28399558886575554,28.399558886575555,0.27829692751471224,0.28399566045786717,0.009823386506600695,0.20334400000000002,0.0,0.08065339538727483,0.8059495239593989,3.406469580650139,0.10711905854167064,4.37759227042829e-06,0.996785346746771,COLLAPSED,mmbench,Two-Stage Residual,Target Adapted (Saerens-EM)
0.1490516150935701,14.90516150935701,0.14905161509357015,14.905161509357015,0.1499889528315214,0.17889905606530737,0.1149199908991605,0.20334400000000002,0.04824622225025719,0.023472337825637197,0.803416869934692,0.5322256748856868,0.1380404423449622,0.23857226653363148,0.9836465634503222,VALID,mmbench,VCPS-5D (Our Method),Zero-Shot Base
0.2839945967625198,28.399459676251983,0.2839946546303906,28.399465463039057,0.27830638795377977,0.2839948549159856,0.009824192048482283,0.20334400000000002,0.0,0.08065293099030622,0.803416869934692,3.3598357756303856,0.1086288398383393,5.188562162666185e-06,0.9836465634503222,COLLAPSED,mmbench,VCPS-5D (Our Method),Target Adapted (Saerens-EM)
0.14828892537317975,14.828892537317975,0.14828892537317973,14.828892537317973,0.14992350452156453,0.18123538277812473,0.11258366418634314,0.20334400000000002,0.046204022341396755,0.024075276678317502,0.7965319852073334,0.5377084913855311,0.14862947110192198,0.24539884248575222,0.96596236155391,VALID,mmbench,VCPS-17D (Our Method),Zero-Shot Base
0.28399095446980294,28.399095446980294,0.28399103222770017,28.399103222770016,0.278346652777898,0.28399133094550655,0.009827716018961319,0.20334400000000002,0.0,0.08065086222066968,0.7965319852073334,3.2228586956405607,0.11290771817924279,9.169558270334332e-06,0.96596236155391,COLLAPSED,mmbench,VCPS-17D (Our Method),Target Adapted (Saerens-EM)
0.29874616197554993,29.874616197554992,0.2987461619755499,29.87461619755499,0.2987463296007021,0.12102532368624043,0.08393189200796673,0.012670723222442946,3.531511001542303e-05,0.10824958818564745,0.526542015903718,0.4117223862051638,0.05607043152623366,0.1373749633100851,1.0,VALID,mmmu,Platt Scaling (1D),Zero-Shot Base
0.012834467526174325,1.2834467526174325,0.012835457325092154,1.2835457325092154,0.008335412724143948,0.012835451284561027,0.19212176440964612,0.012670723222442946,0.0,0.0001647235566804233,0.526542015903718,0.18090259495345995,0.009885727152274017,1.1262266969444224e-06,1.0,COLLAPSED,mmmu,Platt Scaling (1D),Target Adapted (Saerens-EM)
0.2584271858975751,25.842718589757506,0.25842718589757513,25.842718589757514,0.2585148536692935,0.09895407263675209,0.10600314305745508,0.012670723222442946,0.00019799554602348995,0.08618385083194659,0.6133677197506985,0.35263153273137204,0.027131500638431755,0.14605007493254546,0.6270512059179331,VALID,mmmu,Trajectory LR,Zero-Shot Base
0.01283491348239806,1.283491348239806,0.012835324258266596,1.2835324258266596,0.01283491348239806,0.012835449349032496,0.19212176634517467,0.012670723222442946,0.0,0.00016473500410064352,0.6133677197506985,0.18438872359819994,0.007579142604956257,6.581618593016403e-07,1.0,COLLAPSED,mmmu,Trajectory LR,Target Adapted (Saerens-EM)
0.3461778670039622,34.617786700396216,0.34617786700396214,34.617786700396216,0.3461839119691579,0.14897881815119338,0.055978397543013786,0.012670723222442946,0.00017865401970965694,0.13633578403997876,0.5800558779282183,0.47638596007161954,0.0696250423604914,0.13229681790760647,0.5232940785209622,VALID,mmmu,Trajectory LR (No Bias),Zero-Shot Base
0.012832420695846529,1.283242069584653,0.012834231480582287,1.2834231480582288,0.008335225397392199,0.012835382019001947,0.19212183367520522,0.012670723222442946,0.0,0.0001646710209151903,0.5800558779282183,0.16311900733185505,0.008116272580080623,2.7267665437889084e-06,0.5232940785209622,COLLAPSED,mmmu,Trajectory LR (No Bias),Target Adapted (Saerens-EM)
0.2583259997004806,25.832599970048058,0.2583259997004806,25.832599970048058,0.2584139522576157,0.09889573530498018,0.10606148038922698,0.012670723222442946,0.00019811978977721129,0.08612389830630364,0.6132602621964325,0.35248874899118227,0.02710372423039154,0.14602893320250238,0.6271073336090403,VALID,mmmu,Trajectory Platt (5D),Zero-Shot Base
0.012834919757364683,1.2834919757364682,0.012835325885875803,1.2835325885875803,0.012834919757364683,0.01283544960543862,0.19212176608876855,0.012670723222442946,0.0,0.0001647351651779903,0.6132602621964325,0.18453430928031453,0.007581596994389319,6.511950614894453e-07,1.0,COLLAPSED,mmmu,Trajectory Platt (5D),Target Adapted (Saerens-EM)
0.23794195474785085,23.794195474785084,0.23794195474785085,23.794195474785084,0.24019203845703022,0.09213908025890351,0.11281813543530365,0.012670723222442946,0.00039056522817568294,0.07984635159466029,0.5914463786804213,0.32968991557973676,0.02643395584479031,0.15674739269570068,0.6486001593690882,VALID,mmmu,Trajectory Platt (17D),Zero-Shot Base
0.012834876917889199,1.28348769178892,0.01283545946570126,1.283545946570126,0.008335673606461832,0.012835448709504007,0.19212176698470315,0.012670723222442946,0.0,0.00016473406549736495,0.5914463786804213,0.18502749896714346,0.00826097935463386,1.0494794701647487e-06,0.6469996944592895,COLLAPSED,mmmu,Trajectory Platt (17D),Target Adapted (Saerens-EM)
0.28782132846133285,28.782132846133283,0.28782132846133285,28.782132846133283,0.28782265142269153,0.11491774022966385,0.09003947546454331,0.012670723222442946,3.686197182583967e-05,0.10218301925319531,0.5424457339350957,0.3962856649261429,0.04992418391733217,0.13941871884712784,0.9923541844909581,VALID,mmmu,Best 5D Trajectory,Zero-Shot Base
0.012834525157035355,1.2834525157035355,0.012835398882173745,1.2835398882173745,0.008335445959870603,0.012835451178808901,0.19212176451539825,0.012670723222442946,0.0,0.0001647250360065734,0.5424457339350957,0.18127925127863798,0.009560481042235667,1.1199232393608542e-06,0.9923541844909581,COLLAPSED,mmmu,Best 5D Trajectory,Target Adapted (Saerens-EM)
0.28782132846133285,28.782132846133283,0.28782132846133285,28.782132846133283,0.28782265142269153,0.11491774022966385,0.09003947546454331,0.012670723222442946,3.686197182583967e-05,0.10218301925319531,0.5424457339350957,0.3962856649261429,0.04992418391733217,0.13941871884712784,0.9923541844909581,VALID,mmmu,Two-Stage Residual,Zero-Shot Base
0.012834525157035355,1.2834525157035355,0.012835398882173745,1.2835398882173745,0.008335445959870603,0.012835451178808901,0.19212176451539825,0.012670723222442946,0.0,0.0001647250360065734,0.5424457339350957,0.18127925127863798,0.009560481042235667,1.1199232393608542e-06,0.9923541844909581,COLLAPSED,mmmu,Two-Stage Residual,Target Adapted (Saerens-EM)
0.28204546003308295,28.204546003308295,0.28204546003308295,28.204546003308295,0.2820453759570852,0.10881190445108281,0.09614531124312435,0.012670723222442946,9.251256722491717e-05,0.09612932564947449,0.5503975929507845,0.3839615680332532,0.04551865514756131,0.12949022687543654,0.9915441269272827,VALID,mmmu,VCPS-5D (Our Method),Zero-Shot Base
0.012834554764976943,1.2834554764976942,0.012835074613242943,1.2835074613242943,0.008335471404324706,0.012835450508642349,0.1921217651855648,0.012670723222442946,0.0,0.00016472579601519235,0.5503975929507845,0.18099480792913258,0.009393189177294913,1.055917239050115e-06,0.9915441269272827,COLLAPSED,mmmu,VCPS-5D (Our Method),Target Adapted (Saerens-EM)
0.2669818383922033,26.69818383922033,0.2669818383922033,26.69818383922033,0.26696039327987486,0.10017161981044186,0.1047855958837653,0.012670723222442946,0.00012778878682206832,0.08719936168678866,0.5613582634859231,0.36302644548178253,0.04150898660512095,0.1288632416927847,0.9755614618426647,VALID,mmmu,VCPS-17D (Our Method),Zero-Shot Base
0.012834822983560087,1.2834822983560086,0.012835314371627526,1.2835314371627526,0.012834822983560087,0.012835456231514797,0.19212175946269236,0.012670723222442946,0.0,0.00016473268101932224,0.5613582634859231,0.18533743594514004,0.008993401549666229,9.924857883191696e-07,1.0,COLLAPSED,mmmu,VCPS-17D (Our Method),Target Adapted (Saerens-EM)
0.36550914055498857,36.55091405549886,0.3655091405549886,36.550914055498865,0.36550914055524214,0.2393682148008268,0.10492463342258243,0.12567902775121403,0.024322536269054104,0.1382251058418194,0.8243614101752165,0.6722897866868593,0.34871195393633725,0.1484848978351676,1.0,VALID,pope,Platt Scaling (1D),Zero-Shot Base
0.1474050797592984,14.74050797592984,0.14740519527336582,14.740519527336582,0.14167315112247497,0.1474066843385621,0.19688616388484712,0.12567902775121403,0.0,0.021728257538845122,0.8243614101752165,1.8072289536169852,0.044546905780247684,1.9459410291289747e-06,1.0,COLLAPSED,pope,Platt Scaling (1D),Target Adapted (Saerens-EM)
0.24986439214832237,24.986439214832238,0.24986439214832235,24.986439214832235,0.24994011379903688,0.17353562834179778,0.17075721988161144,0.12567902775121403,0.021338466033009564,0.06939317636437392,0.7902159061120428,0.5275817505678925,0.15510051436491817,0.2123369546978029,0.8741984813010882,VALID,pope,Trajectory LR,Zero-Shot Base
0.14740712894814734,14.740712894814735,0.1474071289481473,14.740712894814731,0.1416674654354681,0.14740751585182243,0.19688533237158679,0.12567902775121403,0.0,0.021728861664735737,0.7902159061120428,1.9671315819746005,0.05623734039487521,1.306364509175145e-06,0.8741984524326678,COLLAPSED,pope,Trajectory LR,Target Adapted (Saerens-EM)
0.27779617875376883,27.779617875376882,0.27779617875376883,27.779617875376882,0.2778069815255503,0.19028168600152578,0.15401116222188344,0.12567902775121403,0.02009192364157794,0.08468883871773482,0.7656791171674009,0.5642804868069548,0.1700560885931877,0.1734295543490875,0.7708223011268388,VALID,pope,Trajectory LR (No Bias),Zero-Shot Base
0.14740739029076977,14.740739029076977,0.14740739029076985,14.740739029076986,0.14740739029076977,0.1474077929649179,0.19688505525849131,0.12567902775121403,0.0,0.021728938712335326,0.7656791171674009,2.0167747669094283,0.06450574261836778,6.631711778861649e-07,1.0,COLLAPSED,pope,Trajectory LR (No Bias),Target Adapted (Saerens-EM)
0.2499980506070811,24.99980506070811,0.24999805060708108,24.99980506070811,0.25007324859769886,0.17359520831207242,0.1706976399113368,0.12567902775121403,0.02140062563150891,0.06940603089298404,0.7902994198117694,0.5277254726044809,0.1552664318981119,0.21231507294715066,0.8744317974189934,VALID,pope,Trajectory Platt (5D),Zero-Shot Base
0.14740711438597187,14.740711438597188,0.14740711438597187,14.740711438597188,0.1416676019030566,0.14740750660152127,0.19688534162188795,0.12567902775121403,0.0,0.021728857371598995,0.7902994198117694,1.9651301769982874,0.056199608161802805,1.3235536374114051e-06,0.8744317974189934,COLLAPSED,pope,Trajectory Platt (5D),Target Adapted (Saerens-EM)
0.2460905095888201,24.60905095888201,0.2460905095888201,24.60905095888201,0.24623563048614475,0.17264907581965766,0.17164377240375156,0.12567902775121403,0.021209303633178182,0.06827762661510818,0.780651267668367,0.5259312825904118,0.15636727764676533,0.20718550679356593,0.8170223344399687,VALID,pope,Trajectory Platt (17D),Zero-Shot Base
0.14740692084295237,14.740692084295237,0.1474069208429524,14.74069208429524,0.14167004094359426,0.14740736189250553,0.1968854863309037,0.12567902775121403,0.0,0.021728800312400428,0.780651267668367,1.948101802496613,0.05942391376134709,1.7464930786653145e-06,0.8170222381754854,COLLAPSED,pope,Trajectory Platt (17D),Target Adapted (Saerens-EM)
0.34198712900415335,34.19871290041534,0.3419871290041534,34.19871290041534,0.3419871291161456,0.22230629479911757,0.12198655342429165,0.12567902775121403,0.024469323176290844,0.12084807676848608,0.8210718983359896,0.6362034417078501,0.28600782875475655,0.1611099752642663,0.9969279827227572,VALID,pope,Best 5D Trajectory,Zero-Shot Base
0.14740608287870716,14.740608287870716,0.14740615475344834,14.740615475344834,0.14166969575035554,0.14740711477693938,0.19688573344646984,0.12567902775121403,0.0,0.021728553269644284,0.8210718983359896,1.8608186856221458,0.04546046877941584,1.5033541792230689e-06,0.9969279827227572,COLLAPSED,pope,Best 5D Trajectory,Target Adapted (Saerens-EM)
0.34198712900415335,34.19871290041534,0.3419871290041534,34.19871290041534,0.3419871291161456,0.22230629479911757,0.12198655342429165,0.12567902775121403,0.024469323176290844,0.12084807676848608,0.8210718983359896,0.6362034417078501,0.28600782875475655,0.1611099752642663,0.9969279827227572,VALID,pope,Two-Stage Residual,Zero-Shot Base
0.14740608287870716,14.740608287870716,0.14740615475344834,14.740615475344834,0.14166969575035554,0.14740711477693938,0.19688573344646984,0.12567902775121403,0.0,0.021728553269644284,0.8210718983359896,1.8608186856221458,0.04546046877941584,1.5033541792230689e-06,0.9969279827227572,COLLAPSED,pope,Two-Stage Residual,Target Adapted (Saerens-EM)
0.3234350430334115,32.34350430334115,0.32343504303341153,32.343504303341156,0.3234355415950339,0.21155538714923275,0.13273746107417647,0.12567902775121403,0.023580525196229888,0.10953862573547313,0.8179772517961246,0.6117577220383547,0.23332304878883536,0.1789809701591701,0.9875787222937673,VALID,pope,VCPS-5D (Our Method),Zero-Shot Base
0.14740630674946342,14.740630674946342,0.14740630674946345,14.740630674946345,0.14166944503531625,0.14740719273309977,0.19688565549030945,0.12567902775121403,0.0,0.021728619269516906,0.8179772517961246,1.875003001588927,0.04661165757842701,1.4738589878529524e-06,0.9875787222937673,COLLAPSED,pope,VCPS-5D (Our Method),Target Adapted (Saerens-EM)
0.3070749208837328,30.70749208837328,0.30707492088373284,30.707492088373282,0.3070882881239145,0.2023655650398863,0.1419272831835229,0.12567902775121403,0.02349116258192216,0.10055496917827994,0.8111894438683547,0.5915983172664215,0.2121426498595851,0.1909898084931749,0.9633479190580165,VALID,pope,VCPS-17D (Our Method),Zero-Shot Base
0.14740648834130232,14.740648834130232,0.1474064883413024,14.74064883413024,0.1416695938272276,0.14740724371391642,0.1968856045094928,0.12567902775121403,0.0,0.021728672805114497,0.8111894438683547,1.8896205497020047,0.049066137761565605,1.4982755060011714e-06,0.9633479190580165,COLLAPSED,pope,VCPS-17D (Our Method),Target Adapted (Saerens-EM)
0.05696089960835135,5.696089960835135,0.05809391583936065,5.8093915839360655,0.05059869346465171,0.18187136917298857,0.10098462777730133,0.23293330439405852,0.05510078711764375,0.004722803964514481,0.7806387446709722,0.5325881945459014,0.1442762801291932,0.24364548495495458,0.9999999999999998,VALID,scienceqa,Platt Scaling (1D),Zero-Shot Base
0.3693587204497767,36.93587204497767,0.36935872044977675,36.93587204497767,0.36362723680953496,0.36935852366748506,-0.08650252671719516,0.23293330439405852,0.0,0.13642586437229628,0.7806281921404753,4.840360190921319,0.16777015653229813,1.5765509920352685e-06,0.9999781966010249,COLLAPSED,scienceqa,Platt Scaling (1D),Target Adapted (Saerens-EM)
0.08784163746229606,8.784163746229606,0.09432691265606946,9.432691265606946,0.08381958304541334,0.20989315524744834,0.07296284170284156,0.23293330439405852,0.037507205452307756,0.014487125702411174,0.7235300325017939,0.6198376283104999,0.26658599751783035,0.24496522457855127,0.86458328611789,VALID,scienceqa,Trajectory LR,Zero-Shot Base
0.3225139413048188,32.251394130481884,0.3225139413048188,32.251394130481884,0.33508047962205845,0.3253575111894617,-0.04250151423917181,0.23293330439405852,0.011927684074519922,0.10821496067724318,0.7235300325017939,1.2130271134722843,0.22928387528003566,0.06582053244963348,0.86458328611789,COLLAPSED,scienceqa,Trajectory LR,Target Adapted (Saerens-EM)
0.12439901905035042,12.439901905035041,0.12310596121098041,12.310596121098042,0.12095577262571768,0.22275055252619047,0.06010544442409943,0.23293330439405852,0.03142673328761653,0.02074348869165831,0.683881009666118,0.648770862939838,0.30150024845779416,0.20481792916236036,0.7631004501309143,VALID,scienceqa,Trajectory LR (No Bias),Zero-Shot Base
0.3693534775654239,36.93534775654239,0.36935347756542386,36.935347756542384,0.36365701121216815,0.36935353805210125,-0.08649754110181135,0.23293330439405852,0.0,0.13642199138967212,0.683881009666118,4.44108055275636,0.2656957897309411,9.132664458170226e-06,0.7631004501309143,COLLAPSED,scienceqa,Trajectory LR (No Bias),Target Adapted (Saerens-EM)
0.08742814796875621,8.74281479687562,0.09337253848909888,9.337253848909889,0.08390996221525582,0.2099326196990284,0.0729233772512615,0.23293330439405852,0.03747352966516499,0.014464747238371076,0.7234287282090246,0.6199638923680799,0.26678692493990286,0.24494287061174216,0.8643128299652056,VALID,scienceqa,Trajectory Platt (5D),Zero-Shot Base
0.32237169243672753,32.23716924367275,0.32237169243672753,32.23716924367275,0.334918970722449,0.3252484438394617,-0.04239244688917182,0.23293330439405852,0.0121122377962701,0.10825407531876585,0.7234287282090246,1.2120533180015964,0.22942635466047384,0.06601491897027065,0.8643128299652056,COLLAPSED,scienceqa,Trajectory Platt (5D),Target Adapted (Saerens-EM)
0.0817408195180088,8.17408195180088,0.08098772709499387,8.098772709499388,0.07528215800510889,0.20967278375914986,0.07318321319114005,0.23293330439405852,0.035994615914584936,0.013185247499646618,0.7162477312059432,0.6170214282235909,0.24882453980979793,0.2417230574777229,0.8450370347255919,VALID,scienceqa,Trajectory Platt (17D),Zero-Shot Base
0.3684581423829544,36.84581423829544,0.3684581423829543,36.84581423829543,0.37087478380872807,0.36837442649962887,-0.08551842954933897,0.23293330439405852,0.0,0.13576140268829748,0.7162477312059432,2.6669864603356275,0.23138231482233096,0.001399651798029364,0.8450370347255919,COLLAPSED,scienceqa,Trajectory Platt (17D),Target Adapted (Saerens-EM)
0.05740726118022206,5.740726118022206,0.06481918000248589,6.481918000248589,0.05356270932845618,0.18369202720673566,0.09916396974355424,0.23293330439405852,0.055012708578235425,0.005898817336647356,0.7782269638259254,0.536372231010603,0.14622590851024678,0.25113142249057574,0.9971920408109429,VALID,scienceqa,Best 5D Trajectory,Zero-Shot Base
0.36935850261922787,36.93585026192279,0.36935850261922787,36.93585026192279,0.3636299097675586,0.3693582666205507,-0.08650226967026081,0.23293330439405852,0.0,0.13642570345711816,0.7782232704402515,4.810744887524705,0.16971062587626634,1.91256405893272e-06,0.9971733552495203,COLLAPSED,scienceqa,Best 5D Trajectory,Target Adapted (Saerens-EM)
0.05740726118022206,5.740726118022206,0.06481918000248589,6.481918000248589,0.05356270932845618,0.18369202720673566,0.09916396974355424,0.23293330439405852,0.055012708578235425,0.005898817336647356,0.7782269638259254,0.536372231010603,0.14622590851024678,0.25113142249057574,0.9971920408109429,VALID,scienceqa,Two-Stage Residual,Zero-Shot Base
0.36935850261922787,36.93585026192279,0.36935850261922787,36.93585026192279,0.3636299097675586,0.3693582666205507,-0.08650226967026081,0.23293330439405852,0.0,0.13642570345711816,0.7782232704402515,4.810744887524705,0.16971062587626634,1.91256405893272e-06,0.9971733552495203,COLLAPSED,scienceqa,Two-Stage Residual,Target Adapted (Saerens-EM)
0.06329820486758427,6.329820486758426,0.06590319801450398,6.590319801450398,0.056617961922556144,0.18586037370192887,0.09699562324836103,0.23293330439405852,0.05332697325876679,0.006614775341658528,0.7741800683803977,0.5420940791270062,0.15027704843410364,0.25909290054095985,0.9895019927779107,VALID,scienceqa,VCPS-5D (Our Method),Zero-Shot Base
0.36935791155637465,36.93579115563747,0.36935791155637465,36.93579115563747,0.3636363822889195,0.3693575962763802,-0.0865015993260903,0.23293330439405852,0.0,0.13642526682928668,0.7741668777172765,4.7212517347046425,0.1726626054013847,2.5242647031459235e-06,0.989502108479733,COLLAPSED,scienceqa,VCPS-5D (Our Method),Target Adapted (Saerens-EM)
0.07109087172023422,7.109087172023422,0.06571411176236248,6.571411176236248,0.062121048282267666,0.1887419784232561,0.0941140185270338,0.23293330439405852,0.051980315094570344,0.008025226106494235,0.7703526655692035,0.5501616067448474,0.15610852918277432,0.2637028798911863,0.9765437384706012,VALID,scienceqa,VCPS-17D (Our Method),Zero-Shot Base
0.3693573601488743,36.93573601488743,0.36935736014887444,36.935736014887446,0.3636425453856412,0.3693569665256469,-0.08650096957535702,0.23293330439405852,0.0,0.13642485949614525,0.7703431682917563,4.662378036528471,0.17676594081216415,3.2201966810781873e-06,0.9765389571340979,COLLAPSED,scienceqa,VCPS-17D (Our Method),Target Adapted (Saerens-EM)
0.1525675984144857,15.25675984144857,0.15034878442477276,15.034878442477275,0.15113299675427067,0.2107974600623481,0.06766759562524968,0.231231,0.04558732039365171,0.026084785482374126,0.7657753501909346,0.6083189171184246,0.22342332704631457,0.2031266867613766,1.0,VALID,seedbench,Platt Scaling (1D),Zero-Shot Base
0.2552360794130054,25.52360794130054,0.25523607941300536,25.523607941300536,0.2578222158787096,0.2713686246516098,0.007096431035987949,0.231231,0.0427173712455101,0.0846348286179965,0.7657753501909346,0.7997832576364333,0.18967316687891786,0.06991706605273415,1.0,VALID,seedbench,Platt Scaling (1D),Target Adapted (Saerens-EM)
0.14336602138632984,14.336602138632983,0.14195534199713286,14.195534199713286,0.14406259338206617,0.21432030528705068,0.0641447504005471,0.231231,0.04516498125819764,0.029238895284347692,0.7504011140374778,0.6243558922457157,0.25542029314900094,0.25222682303236554,0.8887087687087688,VALID,seedbench,Trajectory LR,Zero-Shot Base
0.09462929404866208,9.462929404866207,0.08682828482579166,8.682828482579167,0.08525133492384392,0.19848242637416974,0.07998262931342803,0.231231,0.04381935979304981,0.010751018171937842,0.7504011140374778,0.5883671595648116,0.18717831468962715,0.21218221435732684,0.8887087687087688,VALID,seedbench,Trajectory LR,Target Adapted (Saerens-EM)
0.10735237347427479,10.735237347427478,0.10107711317312922,10.107711317312921,0.10761724836167393,0.20744082963959373,0.07102422604800404,0.231231,0.041506645505550104,0.017800792230781164,0.7354852939268524,0.6049924603333522,0.23115197840158877,0.22798153035401678,0.8371272211272212,VALID,seedbench,Trajectory LR (No Bias),Zero-Shot Base
0.34160986532598725,34.16098653259873,0.3416098653259873,34.16098653259873,0.3562409824847294,0.3413423639324951,-0.06287730824489735,0.231231,0.0022625299592786497,0.11755475975760393,0.7354852939268524,1.3987249459654278,0.20916013676051648,0.023689747018484444,0.8371272211272212,COLLAPSED,seedbench,Trajectory LR (No Bias),Target Adapted (Saerens-EM)
0.14337561945617197,14.337561945617198,0.14196472243964672,14.196472243964672,0.14407450248114104,0.21432620310332415,0.06413885258427363,0.231231,0.04516498125819764,0.02924287739002873,0.7504270621153738,0.6243747050584058,0.25540976946776484,0.25223290425404377,0.8886904926904928,VALID,seedbench,Trajectory Platt (5D),Zero-Shot Base
0.09459356398779628,9.459356398779628,0.08680101067257433,8.680101067257432,0.08520647203284919,0.1984767745671358,0.07998828112046197,0.231231,0.04364090546817605,0.010641001467678464,0.7504270621153738,0.5883536559615434,0.18716660317633918,0.21220684694754044,0.8886904926904928,VALID,seedbench,Trajectory Platt (5D),Target Adapted (Saerens-EM)
0.10641047997400165,10.641047997400165,0.10602932853624225,10.602932853624225,0.10941157185758414,0.2049574307817929,0.07350762490580487,0.231231,0.04112527274914513,0.015071599308128087,0.7469197469197469,0.599723787198064,0.22267423598387956,0.2449336425384928,0.8376026376026376,VALID,seedbench,Trajectory Platt (17D),Zero-Shot Base
0.2333856328370467,23.33856328370467,0.23201381683902508,23.201381683902508,0.23922604264329536,0.25424710992847194,0.024217945759125836,0.231231,0.03903154818565527,0.06267696512687422,0.7469197469197469,0.7807726608417281,0.201244982567308,0.1284587010418077,0.8376026376026376,VALID,seedbench,Trajectory Platt (17D),Target Adapted (Saerens-EM)
0.1452600126478904,14.52600126478904,0.1452600126478904,14.52600126478904,0.14610877471970138,0.20814692810555532,0.07031812758204245,0.231231,0.04831897330964173,0.02509148140162555,0.7678771445005211,0.6023165592824317,0.21769786158023613,0.21553102543277905,0.9957414477414477,VALID,seedbench,Best 5D Trajectory,Zero-Shot Base
0.22258118763094276,22.258118763094277,0.22258118763094278,22.258118763094277,0.22544815796348802,0.24880777562665787,0.0296572800609399,0.231231,0.04556461635401489,0.06413210871156491,0.7678771445005211,0.7220896850961812,0.18873950427770791,0.09556371382639171,0.9957414477414477,VALID,seedbench,Best 5D Trajectory,Target Adapted (Saerens-EM)
0.1452600126478904,14.52600126478904,0.1452600126478904,14.52600126478904,0.14610877471970138,0.20814692810555532,0.07031812758204245,0.231231,0.04831897330964173,0.02509148140162555,0.7678771445005211,0.6023165592824317,0.21769786158023613,0.21553102543277905,0.9957414477414477,VALID,seedbench,Two-Stage Residual,Zero-Shot Base
0.22258118763094276,22.258118763094277,0.22258118763094278,22.258118763094277,0.22544815796348802,0.24880777562665787,0.0296572800609399,0.231231,0.04556461635401489,0.06413210871156491,0.7678771445005211,0.7220896850961812,0.18873950427770791,0.09556371382639171,0.9957414477414477,VALID,seedbench,Two-Stage Residual,Target Adapted (Saerens-EM)
0.1448024045114086,14.48024045114086,0.14480240451140863,14.480240451140864,0.1460719826593053,0.20890206848414142,0.06956298720345636,0.231231,0.04809237676803914,0.025265322500340047,0.7676522611587546,0.6028287818577771,0.2114817267114359,0.22571299427150063,0.9885317565317565,VALID,seedbench,VCPS-5D (Our Method),Zero-Shot Base
0.19281760045178667,19.281760045178668,0.1928176004517867,19.281760045178668,0.19545154527056557,0.23220026915896422,0.046264786528633556,0.231231,0.045449889853399955,0.04768542764141553,0.7676522611587546,0.671120680678689,0.1866179591454669,0.11451827777901441,0.9885317565317565,VALID,seedbench,VCPS-5D (Our Method),Target Adapted (Saerens-EM)
0.14136081212278134,14.136081212278134,0.1404398937426592,14.04398937426592,0.14396016644919798,0.20714792437156543,0.07131713131603235,0.231231,0.049879743770483535,0.0251563663208369,0.7683701579805478,0.5999470219443397,0.21381267094726816,0.23640412883135112,0.9744697344697345,VALID,seedbench,VCPS-17D (Our Method),Zero-Shot Base
0.17085644311814654,17.085644311814654,0.17085644311814657,17.085644311814658,0.1729713082405971,0.22023515962679413,0.05822989606080364,0.231231,0.04799359328046686,0.037521208925349936,0.7683701579805478,0.6418876751933114,0.1893549844619484,0.1347769602038301,0.9744697344697345,VALID,seedbench,VCPS-17D (Our Method),Target Adapted (Saerens-EM)
0.1007574069483573,10.07574069483573,0.09999890274220866,9.999890274220865,0.083458195379965,0.21291675271906038,0.023928601968302793,0.22937903999999998,0.034111146372917484,0.018072755109732882,0.7180729329061627,0.6160774276772777,0.23921075527241636,0.22818706108654957,0.9999999999999999,VALID,textvqa,Platt Scaling (1D),Zero-Shot Base
0.1185220554248749,11.85220554248749,0.1216927817288296,12.16927817288296,0.11236323540720025,0.21506846827347526,0.02177688641388792,0.22937903999999998,0.03307505505987266,0.019269947173952535,0.7180729329061627,0.6158263614083916,0.19276247052167192,0.21359948200424253,0.9999999999999999,VALID,textvqa,Platt Scaling (1D),Target Adapted (Saerens-EM)
0.0619028575374663,6.19028575374663,0.06285254552308463,6.285254552308463,0.058516974301606316,0.18308413763527426,0.05376121705208892,0.22937903999999998,0.05169061619248492,0.005805767485428884,0.7659196760087582,0.5442039679403988,0.1580629480174265,0.2548138217963518,0.8879847525940258,VALID,textvqa,Trajectory LR,Zero-Shot Base
0.1533063406807019,15.33063406807019,0.15330634068070192,15.330634068070193,0.1530711212140032,0.20390484231831732,0.032940512369045855,0.22937903999999998,0.051049229085830546,0.02595107076206985,0.7659196760087582,0.6283335215426098,0.17770625675593546,0.19733484875609372,0.8879847525940258,VALID,textvqa,Trajectory LR,Target Adapted (Saerens-EM)
0.09725403438212994,9.725403438212995,0.09658984909241142,9.658984909241141,0.1000275225748635,0.21616560982681948,0.020679744860543692,0.22937903999999998,0.029921483241045654,0.016747283522214454,0.7001120939384872,0.6278123955353531,0.23417993045032404,0.26298783911860724,0.8259788556375566,VALID,textvqa,Trajectory LR (No Bias),Zero-Shot Base
0.09343158508901589,9.343158508901588,0.08973832094193945,8.973832094193945,0.09075684589723496,0.20968018972025984,0.027165164967103334,0.22937903999999998,0.030153065014202004,0.01079073362973306,0.7001120939384872,0.6193881708413974,0.2228943602018965,0.24924961869209256,0.8259788556375566,VALID,textvqa,Trajectory LR (No Bias),Target Adapted (Saerens-EM)
0.061647855396568765,6.164785539656877,0.06284593383818865,6.284593383818865,0.05854522771048632,0.18312319096087532,0.05372216372648786,0.22937903999999998,0.052042801217112356,0.005913183309580192,0.7658213235176151,0.5443015319599664,0.15812945282971022,0.2547715593080672,0.8881124921345868,VALID,textvqa,Trajectory Platt (5D),Zero-Shot Base
0.15385773304349967,15.385773304349968,0.15385773304349967,15.385773304349968,0.15364387623494966,0.20413344257171104,0.032711912115652136,0.22937903999999998,0.051055462529551086,0.026150073658814787,0.7658213235176151,0.6291260691582747,0.1778498085863665,0.1969944921541618,0.8881124921345868,VALID,textvqa,Trajectory Platt (5D),Target Adapted (Saerens-EM)
0.06219836810730631,6.219836810730631,0.06230476192139321,6.230476192139321,0.05884069651772901,0.1844114018158043,0.052433952871558887,0.22937903999999998,0.04962944878559879,0.005097861862366256,0.7581735454119958,0.564258275091712,0.17906458058215927,0.26823723985738357,0.7928540226577835,VALID,textvqa,Trajectory Platt (17D),Zero-Shot Base
0.19734910576285578,19.73491057628558,0.19734910576285578,19.73491057628558,0.1985249655872301,0.22110148045449013,0.015743874232873045,0.22937903999999998,0.04869106786610032,0.04153575473404765,0.7581735454119958,0.7263435498692262,0.20129572265255086,0.18896326649879472,0.7928540226577835,VALID,textvqa,Trajectory Platt (17D),Target Adapted (Saerens-EM)
0.09120841487875334,9.120841487875333,0.0950320580923625,9.503205809236249,0.0761770078388693,0.20974742783032072,0.02709792685704246,0.22937903999999998,0.0334807163632878,0.01478869683616935,0.7249338910826377,0.607686529861746,0.22095767205954617,0.23777394790825704,0.996652945061258,VALID,textvqa,Best 5D Trajectory,Zero-Shot Base
0.1181018962993357,11.810189629933571,0.12455720568054045,12.455720568054044,0.11953196051132978,0.21528753063002196,0.02155782405734122,0.22937903999999998,0.0335661466269206,0.020060176889938563,0.7249338910826377,0.6200367147876219,0.1878469362647012,0.21524113441941975,0.996652945061258,VALID,textvqa,Best 5D Trajectory,Target Adapted (Saerens-EM)
0.09120841487875334,9.120841487875333,0.0950320580923625,9.503205809236249,0.0761770078388693,0.20974742783032072,0.02709792685704246,0.22937903999999998,0.0334807163632878,0.01478869683616935,0.7249338910826377,0.607686529861746,0.22095767205954617,0.23777394790825704,0.996652945061258,VALID,textvqa,Two-Stage Residual,Zero-Shot Base
0.1181018962993357,11.810189629933571,0.12455720568054045,12.455720568054044,0.11953196051132978,0.21528753063002196,0.02155782405734122,0.22937903999999998,0.0335661466269206,0.020060176889938563,0.7249338910826377,0.6200367147876219,0.1878469362647012,0.21524113441941975,0.996652945061258,VALID,textvqa,Two-Stage Residual,Target Adapted (Saerens-EM)
0.08501824492805952,8.501824492805952,0.08704172902890726,8.704172902890726,0.06614170400713543,0.2022175169136935,0.03462783777366968,0.22937903999999998,0.0378865560471418,0.011347707339078413,0.7388748335506156,0.5880158523844539,0.1920217326135856,0.23494670195210382,0.9925131490669166,VALID,textvqa,VCPS-5D (Our Method),Zero-Shot Base
0.11198697367172734,11.198697367172734,0.1061760820274303,10.61760820274303,0.10222281088173243,0.20850094261094027,0.02834441207642291,0.22937903999999998,0.0381823304477149,0.018038457765895823,0.7388748335506156,0.6070694489709901,0.17888221799340687,0.21102508433764977,0.9925131490669166,VALID,textvqa,VCPS-5D (Our Method),Target Adapted (Saerens-EM)
0.0765315760017553,7.653157600175529,0.08221256984187397,8.221256984187397,0.061059259430823,0.18793998218066033,0.04890537250670285,0.22937903999999998,0.04946823749382003,0.009187895109171782,0.7675791127210227,0.5540202118225234,0.1610758394462616,0.2535198878798696,0.9697372943929149,VALID,textvqa,VCPS-17D (Our Method),Zero-Shot Base
0.06504016741326386,6.504016741326386,0.06629636027452517,6.629636027452516,0.0606050122860002,0.18545091130788274,0.05139444337948043,0.22937903999999998,0.050298781077615234,0.007020197906787326,0.7675791127210227,0.5503561428361499,0.15503279241301657,0.24402138291114625,0.9697372943929149,VALID,textvqa,VCPS-17D (Our Method),Target Adapted (Saerens-EM)
0.10396820449932664,10.396820449932665,0.10688686657683596,10.688686657683597,0.10164483787144554,0.15343624664892028,0.07767485011751218,0.18156544000000002,0.041085669294557446,0.013546233762437345,0.8084595834978285,0.4819319292269925,0.08742510069640523,0.12576831884940734,1.0,VALID,vizwiz-vqa,Platt Scaling (1D),Zero-Shot Base
0.23839914890308386,23.839914890308386,0.23839914890308384,23.839914890308382,0.23839914890308386,0.23839934531563545,-0.007288248549202986,0.18156544000000002,0.0,0.05683415419771475,0.8084595834978285,3.265765509784816,0.08949276157029708,7.4974230184084e-07,1.0,COLLAPSED,vizwiz-vqa,Platt Scaling (1D),Target Adapted (Saerens-EM)
0.07560238251067701,7.560238251067701,0.07421015807554485,7.421015807554484,0.07469330856349345,0.14896377642550393,0.08214732034092853,0.18156544000000002,0.039516768523974684,0.007678311985541433,0.780384637076307,0.46626099793969233,0.10862336446623262,0.21048732518525315,0.8395850095360021,VALID,vizwiz-vqa,Trajectory LR,Zero-Shot Base
0.2383608842951421,23.83608842951421,0.23836088429514213,23.836088429514213,0.23327745301210745,0.23835874318192446,-0.007247646415491998,0.18156544000000002,0.0,0.05681591116196212,0.780384637076307,2.382615986456113,0.10452054234901637,6.746419491016197e-05,0.8395850095360021,COLLAPSED,vizwiz-vqa,Trajectory LR,Target Adapted (Saerens-EM)
0.10358054185887342,10.358054185887342,0.10358054185887339,10.358054185887339,0.10481567178303634,0.16060547947954237,0.07050561728689009,0.18156544000000002,0.03399324789074987,0.013023720951705939,0.7493082383960296,0.4975766798136843,0.1361082927591028,0.19304163454961862,0.676307100468838,VALID,vizwiz-vqa,Trajectory LR (No Bias),Zero-Shot Base
0.23778984041275325,23.778984041275326,0.23778984041275322,23.778984041275322,0.2396211937895589,0.2378177227577188,-0.006706625991286352,0.18156544000000002,0.0,0.05654400820352266,0.7493082383960296,1.7323073609134367,0.1251863739133118,0.0009592121204433138,0.676307100468838,COLLAPSED,vizwiz-vqa,Trajectory LR (No Bias),Target Adapted (Saerens-EM)
0.07559142691195012,7.559142691195012,0.07419181424677372,7.419181424677372,0.07467374722313558,0.14896037534001333,0.08215072142641913,0.18156544000000002,0.039457897707637225,0.0076364200533259345,0.7803899244261463,0.4662521465670212,0.10861310604812702,0.21046102408163223,0.8396219541819275,VALID,vizwiz-vqa,Trajectory Platt (5D),Zero-Shot Base
0.23836187370833997,23.836187370833997,0.23836187370834,23.836187370834,0.2332615941829951,0.23835979013233355,-0.007248693365901088,0.18156544000000002,0.0,0.05681638283775062,0.7803899244261463,2.3886995463788385,0.10451667274679005,6.574374355798437e-05,0.8396219541819275,COLLAPSED,vizwiz-vqa,Trajectory Platt (5D),Target Adapted (Saerens-EM)
0.10534682809263468,10.534682809263469,0.10534682809263467,10.534682809263467,0.10843683941571562,0.15482372705005518,0.07628736971637728,0.18156544000000002,0.04081540331436722,0.014601052218764688,0.7945542940330494,0.4778575024042023,0.11603709408443871,0.24206205104580586,0.842336607067043,VALID,vizwiz-vqa,Trajectory Platt (17D),Zero-Shot Base
0.14718355764518384,14.718355764518384,0.14718355764518387,14.718355764518387,0.15406907717412127,0.17290459088998983,0.05820650587644263,0.18156544000000002,0.03827651936543388,0.030944209321197406,0.7945542940330494,0.5615717648603343,0.09779062319209597,0.12075251018839968,0.842336607067043,VALID,vizwiz-vqa,Trajectory Platt (17D),Target Adapted (Saerens-EM)
0.09008019459361877,9.008019459361877,0.08963080836128674,8.963080836128674,0.08624607329735473,0.14955897339723856,0.0815521233691939,0.18156544000000002,0.04167324619396213,0.010046958175967298,0.8067138768258981,0.47154105721654777,0.08693267164927942,0.1406272972475244,0.992778774393831,VALID,vizwiz-vqa,Best 5D Trajectory,Zero-Shot Base
0.23839921021172444,23.839921021172444,0.23839921021172444,23.839921021172444,0.23839921021172444,0.2383993461710907,-0.007288249404658248,0.18156544000000002,0.0,0.05683418342957398,0.8067138768258981,3.2808378612616886,0.09061281390820816,8.04989272491942e-07,1.0,COLLAPSED,vizwiz-vqa,Best 5D Trajectory,Target Adapted (Saerens-EM)
0.09008019459361877,9.008019459361877,0.08963080836128674,8.963080836128674,0.08624607329735473,0.14955897339723856,0.0815521233691939,0.18156544000000002,0.04167324619396213,0.010046958175967298,0.8067138768258981,0.47154105721654777,0.08693267164927942,0.1406272972475244,0.992778774393831,VALID,vizwiz-vqa,Two-Stage Residual,Zero-Shot Base
0.23839921021172444,23.839921021172444,0.23839921021172444,23.839921021172444,0.23839921021172444,0.2383993461710907,-0.007288249404658248,0.18156544000000002,0.0,0.05683418342957398,0.8067138768258981,3.2808378612616886,0.09061281390820816,8.04989272491942e-07,1.0,COLLAPSED,vizwiz-vqa,Two-Stage Residual,Target Adapted (Saerens-EM)
0.08927081660158345,8.927081660158345,0.08911098440286397,8.911098440286397,0.08403380077838195,0.14862798029456517,0.08248311647186729,0.18156544000000002,0.042368685380604246,0.009926966069782613,0.8084578210478821,0.4700350011080401,0.08669092693501855,0.14507424366743246,0.9934943492925978,VALID,vizwiz-vqa,VCPS-5D (Our Method),Zero-Shot Base
0.23839868146934537,23.83986814693454,0.23839868146934542,23.839868146934542,0.23266385506316659,0.2383988343672022,-0.007287737600769728,0.18156544000000002,0.0,0.0568339313263224,0.8084578210478821,3.1636642518053932,0.09027081598905388,1.6405897900190481e-06,0.9934943492925978,COLLAPSED,vizwiz-vqa,VCPS-5D (Our Method),Target Adapted (Saerens-EM)
0.08656119801059833,8.656119801059834,0.08327210749406905,8.327210749406905,0.082682878653965,0.14676809907838068,0.08434299768805179,0.18156544000000002,0.043765757743394966,0.009373516211607251,0.8107234504540071,0.4654598028763748,0.09859658974650323,0.17483190566723972,0.9843211638213656,VALID,vizwiz-vqa,VCPS-17D (Our Method),Zero-Shot Base
0.23838969549811093,23.838969549811093,0.23838969549811093,23.838969549811093,0.2328097345076244,0.23838931705449204,-0.007278220288059578,0.18156544000000002,0.0,0.05682964691968205,0.8107234504540071,2.702226526262665,0.08998218873862703,2.969325980210804e-05,0.9843211638213656,COLLAPSED,vizwiz-vqa,VCPS-17D (Our Method),Target Adapted (Saerens-EM)
0.3293486677593722,32.93486677593722,0.3216892944895193,32.16892944895193,0.3251559687653267,0.2758664901361258,0.026705007120705393,0.183436,0.03416883046604846,0.1273939677669661,0.7267848186833555,0.752939658198235,0.3750245726873572,0.21749398941128203,1.0,VALID,vqav2,Platt Scaling (1D),Zero-Shot Base
0.18418036678188854,18.418036678188855,0.17941775289879489,17.941775289879487,0.17933614778511092,0.19154921763399713,0.11102227962283406,0.183436,0.034007531981258186,0.042633709397128024,0.7267848186833555,0.5726266398423857,0.18703135002680743,0.19667762478169057,1.0,VALID,vqav2,Platt Scaling (1D),Target Adapted (Saerens-EM)
0.27314639349243325,27.314639349243325,0.2731463934924332,27.31463934924332,0.27356109776698884,0.23727049445796755,0.06530100279886364,0.183436,0.03181886124969902,0.08605224535646173,0.7661364181512897,0.6770289323265437,0.296319346201552,0.2536360140329301,0.8869336108984162,VALID,vqav2,Trajectory LR,Zero-Shot Base
0.06430169158967255,6.430169158967256,0.07331335934056861,7.331335934056861,0.07467301474938355,0.159054226558699,0.1435172706981322,0.183436,0.03129240048986511,0.007055129616870916,0.7661364181512897,0.48213812854062266,0.1126136035515936,0.22017796847657103,0.8869336108984162,VALID,vqav2,Trajectory LR,Target Adapted (Saerens-EM)
0.2526460903991684,25.26460903991684,0.25264609039916847,25.264609039916845,0.25427199220229413,0.23938849297824702,0.06318300427858417,0.183436,0.023981823597333862,0.07926558323202462,0.7160590069561047,0.6745287074037578,0.2945187956135001,0.23399826381734162,0.8877597757394519,VALID,vqav2,Trajectory LR (No Bias),Zero-Shot Base
0.09939706017284822,9.939706017284822,0.09792515705625951,9.79251570562595,0.0982105326852851,0.1730635860969798,0.12950791115985139,0.183436,0.021450600631773006,0.012269726085427236,0.7160590069561047,0.5438206625852254,0.135838805329228,0.11842969475759466,0.8877597757394519,VALID,vqav2,Trajectory LR (No Bias),Target Adapted (Saerens-EM)
0.27318961961567406,27.318961961567407,0.2731896196156741,27.31896196156741,0.2736031303726771,0.23729809304874427,0.06527340420808692,0.183436,0.031818861249699015,0.0860712434067214,0.7661200636734338,0.6770904982473259,0.29636114369158584,0.25361017347386466,0.8870308049973598,VALID,vqav2,Trajectory Platt (5D),Zero-Shot Base
0.064414106429329,6.4414106429329,0.07340708732454714,7.340708732454713,0.0747728857290459,0.15907462203441589,0.1434968752224153,0.183436,0.03140453084690728,0.007155319259388512,0.7661200636734338,0.4821930051346902,0.11263468892977369,0.22019629678319447,0.8870308049973598,VALID,vqav2,Trajectory Platt (5D),Target Adapted (Saerens-EM)
0.26079874161072075,26.079874161072077,0.2607987416107208,26.07987416107208,0.26168750169141336,0.229973787073197,0.0725977101836342,0.183436,0.033311564632243974,0.08069165122091802,0.7701705226891122,0.6636795435882066,0.27511604824987973,0.26328946201806364,0.8508263361412105,VALID,vqav2,Trajectory Platt (17D),Zero-Shot Base
0.05496348861113614,5.4963488611136135,0.057405125980409054,5.7405125980409055,0.06474989310936144,0.15541554130376967,0.14715595595306152,0.183436,0.034396319525499215,0.006571711250786501,0.7701705226891122,0.47460558646071893,0.10965038094924641,0.22926696764225327,0.8508263361412105,VALID,vqav2,Trajectory Platt (17D),Target Adapted (Saerens-EM)
0.3168868903867749,31.68868903867749,0.3109496131990944,31.09496131990944,0.31365016454804645,0.26788504475582553,0.03468645250100566,0.183436,0.03306395191098008,0.11840485153055558,0.732729671384025,0.7368223445139287,0.35330455057397836,0.22664358065770887,0.9976211895783713,VALID,vqav2,Best 5D Trajectory,Zero-Shot Base
0.14835441514819986,14.835441514819985,0.149780789061894,14.978078906189399,0.1478553247315451,0.17916397630197742,0.12340752095485377,0.183436,0.03442622307102578,0.030498771236919808,0.732729671384025,0.5445715590198793,0.16395514640314338,0.20008237694797731,0.9976211895783713,VALID,vqav2,Best 5D Trajectory,Target Adapted (Saerens-EM)
0.3168868903867749,31.68868903867749,0.3109496131990944,31.09496131990944,0.31365016454804645,0.26788504475582553,0.03468645250100566,0.183436,0.03306395191098008,0.11840485153055558,0.732729671384025,0.7368223445139287,0.35330455057397836,0.22664358065770887,0.9976211895783713,VALID,vqav2,Two-Stage Residual,Zero-Shot Base
0.14835441514819986,14.835441514819985,0.149780789061894,14.978078906189399,0.1478553247315451,0.17916397630197742,0.12340752095485377,0.183436,0.03442622307102578,0.030498771236919808,0.732729671384025,0.5445715590198793,0.16395514640314338,0.20008237694797731,0.9976211895783713,VALID,vqav2,Two-Stage Residual,Target Adapted (Saerens-EM)
0.3009006197146946,30.09006197146946,0.2994375331218246,29.94375331218246,0.3027140215275117,0.2640878299456464,0.0384836673111848,0.183436,0.0317726716055013,0.11356438058145243,0.7430275409407097,0.726573663664692,0.325620595733751,0.2329650373858806,0.9918944057485052,VALID,vqav2,VCPS-5D (Our Method),Zero-Shot Base
0.13871523015540066,13.871523015540067,0.1383534308044239,13.835343080442389,0.1365069227692353,0.17695538827450416,0.12561610898232703,0.183436,0.03425577153933341,0.028670383088196603,0.7430275409407097,0.5338745195344222,0.1522140634237106,0.20343078065207837,0.9918944057485052,VALID,vqav2,VCPS-5D (Our Method),Target Adapted (Saerens-EM)
0.29444780438293666,29.444780438293666,0.2907794605676191,29.07794605676191,0.29299345769880186,0.25616333411991193,0.046408163136919256,0.183436,0.03445692714825269,0.10808836971819107,0.7513737761399071,0.709362070381449,0.3027988695201363,0.24321719638795697,0.9755235030829262,VALID,vqav2,VCPS-17D (Our Method),Zero-Shot Base
0.11423201718743656,11.423201718743655,0.11265308271404247,11.265308271404246,0.1154316310004361,0.1694861085689254,0.1330853886879058,0.183436,0.03449019729600425,0.021272368718873905,0.7513737761399071,0.5134063677891223,0.13504298156824435,0.20895686459888752,0.9755235030829262,VALID,vqav2,VCPS-17D (Our Method),Target Adapted (Saerens-EM)
