arch,budget,method,ada_ece_mean,ada_ece_std,ece_mean,ece_std,auroc_mean,auroc_std,brier_mean,brier_std,sample_size_mean,budget_order,method_order
mqt,50,Naive Confidence (NC),24.595489186607303,0.0,24.843819803930824,0.0,0.7256391554629567,0.0,0.2580094623309717,0.0,50.0,0,0
mqt,50,Temperature Scaling (TS),17.40341280059811,0.14402641408418734,17.28660899547133,0.13837211434653615,0.7256391554629567,0.0,0.21749943346962133,0.0009381253369433727,50.0,0,1
mqt,50,Adaptive TS (ATS),17.024485038847484,0.24204974202091253,16.86885635359198,0.4578533728044681,0.7316333552225999,0.0010771376175764636,0.21581849291764194,0.0011972544525659429,50.0,0,2
mqt,50,Platt Scaling (1D),9.894183259675719,0.7314558411059663,9.028826675863588,1.0436768235353535,0.7256391554629567,0.0,0.18834888799469165,0.0024431411065145426,50.0,0,3
mqt,50,Trajectory Platt (5D),9.488556024322753,0.9438832515661356,8.856942179810721,1.255445797722543,0.7239596281748074,0.013909175646116646,0.188870729979524,0.0056141257643622195,50.0,0,4
mqt,50,VCPS-5D (Our Method),9.50698964122743,1.086644605336434,8.879008390064644,1.5399043097011829,0.7323829430905994,0.0016215250869396217,0.1872271037538312,0.0037333883252065733,50.0,0,5
mqt,100,Naive Confidence (NC),24.595489186607303,0.0,24.843819803930824,0.0,0.7256391554629567,0.0,0.2580094623309717,0.0,100.0,1,0
mqt,100,Temperature Scaling (TS),17.283526524881598,0.4539704991229808,17.079678745379255,0.5549837180033383,0.7256391554629567,0.0,0.21652834131887427,0.0013784589570433165,100.0,1,1
mqt,100,Adaptive TS (ATS),16.911056766620717,0.4013155550737226,16.61925435134787,0.2316064967360911,0.730971519646274,0.0015204864271019397,0.21481374958100602,0.0010126337797223702,100.0,1,2
mqt,100,Platt Scaling (1D),9.116897595338369,0.3629457846306524,7.936390253561278,0.787635697815103,0.7256391554629567,0.0,0.18573352623370262,0.0010874511957700446,100.0,1,3
mqt,100,Trajectory Platt (5D),8.058861369690858,0.7632596079875327,7.331206761659122,1.0282224612175181,0.7419887356050516,0.007957472752322685,0.18297831526046618,0.003761949679039056,100.0,1,4
mqt,100,VCPS-5D (Our Method),8.335639765135543,0.6317148595810133,7.451375944412973,0.6555828838814599,0.7337052138039878,0.001977831510155341,0.18384135989531966,0.001139005393583563,100.0,1,5
mqt,200,Naive Confidence (NC),24.595489186607303,0.0,24.843819803930824,0.0,0.7256391554629567,0.0,0.2580094623309717,0.0,200.0,2,0
mqt,200,Temperature Scaling (TS),17.08520522981585,0.34356013704401184,17.04612071547664,0.3571608163875928,0.7256391554629567,0.0,0.21602262678619316,0.0007630243551899213,200.0,2,1
mqt,200,Adaptive TS (ATS),16.627318508414778,0.18008160999037556,16.375495933347793,0.3117805452706801,0.7307026620039262,0.001837027987637845,0.21430291479968594,0.0004127694580430041,200.0,2,2
mqt,200,Platt Scaling (1D),9.02431278941955,0.24963049324037315,8.06592407551086,0.2850744690858845,0.7256391554629567,0.0,0.18503515837469414,0.0005323347018745903,200.0,2,3
mqt,200,Trajectory Platt (5D),7.081019150684588,0.6107857165388243,6.560456243059599,0.7006109216396388,0.7463499631322028,0.004534547109028998,0.18085837913452346,0.0015524691850398815,200.0,2,4
mqt,200,VCPS-5D (Our Method),8.059159888749345,0.4936313091488506,7.073095390805982,0.25027739541096616,0.7338967205024007,0.0019092842933660487,0.18231421704276723,0.000852109301326427,200.0,2,5
mqt,500,Naive Confidence (NC),24.595489186607303,0.0,24.843819803930824,0.0,0.7256391554629567,0.0,0.2580094623309717,0.0,500.0,3,0
mqt,500,Temperature Scaling (TS),17.246489200382534,0.24581317955756882,17.27929550754469,0.279252231305128,0.7256391554629567,0.0,0.21647442085174848,0.0005516044769133081,500.0,3,1
mqt,500,Adaptive TS (ATS),16.931930823819364,0.22087751122998384,16.717959287523,0.2866738895311395,0.7305076151920213,0.00034681887380645415,0.21493570862345882,0.0002911691762764869,500.0,3,2
mqt,500,Platt Scaling (1D),9.028534164420789,0.23770102257842804,7.89554874996922,0.2118791118353441,0.7256391554629567,0.0,0.1850442501176781,0.0004059254789002627,500.0,3,3
mqt,500,Trajectory Platt (5D),7.359874846944585,0.6617427512002326,6.4867200451809905,0.9250374555332642,0.7524739392630069,0.0030424104053867742,0.17833573593665833,0.000744389852686854,500.0,3,4
mqt,500,VCPS-5D (Our Method),8.230819148754026,0.3482127736121144,7.169890215787478,0.41990509639347645,0.7343426273997032,0.000286504808062858,0.18182797330924366,0.0002994966655772834,500.0,3,5
mqt,1000,Naive Confidence (NC),24.595489186607303,0.0,24.843819803930824,0.0,0.7256391554629567,0.0,0.2580094623309717,0.0,1000.0,4,0
mqt,1000,Temperature Scaling (TS),17.031181376265415,0.17365291525731189,17.158290565586505,0.19325559947313364,0.7256391554629567,0.0,0.21611283674442575,0.00020222576003885615,1000.0,4,1
mqt,1000,Adaptive TS (ATS),16.698279865434284,0.2362007800982758,16.465049399586693,0.08597623339943376,0.7301783433833199,0.00032809755793338673,0.21479124783659218,0.0001710669741434894,1000.0,4,2
mqt,1000,Platt Scaling (1D),8.830165701329244,0.080591308693375,7.8698942291746565,0.3548525491960945,0.7256391554629567,0.0,0.1845550559147954,0.00035982088766958785,1000.0,4,3
mqt,1000,Trajectory Platt (5D),6.742734528109432,0.5773755839283868,6.155435635074974,0.22484761424105826,0.7523568661967039,0.0008397511175869105,0.17765574268553871,0.000145683586128212,1000.0,4,4
mqt,1000,VCPS-5D (Our Method),8.124902339609026,0.3478516380583398,7.154886114097209,0.3632923422130545,0.7339049358756483,0.00041238488767188306,0.1814600681708447,0.00031224066316559213,1000.0,4,5
mqt,1500,Naive Confidence (NC),24.595489186607303,0.0,24.843819803930824,0.0,0.7256391554629567,0.0,0.2580094623309717,0.0,1500.0,5,0
mqt,1500,Temperature Scaling (TS),16.961417281393523,0.06087358901266975,16.981850481785077,0.06768687386402486,0.7256391554629567,0.0,0.21586876293573246,9.881656648402898e-05,1500.0,5,1
mqt,1500,Adaptive TS (ATS),16.59358978769443,0.05273547285873524,16.339011871339498,0.057188868912896935,0.7301280461607069,0.0001334256577987126,0.21450997032074198,5.7958216813005066e-05,1500.0,5,2
mqt,1500,Platt Scaling (1D),8.84581002668338,0.04389553814723594,7.875103517893928,0.09955383788729674,0.7256391554629567,0.0,0.18447844911620032,0.00011107653948985847,1500.0,5,3
mqt,1500,Trajectory Platt (5D),7.154590097749606,0.38196371374225363,6.1191113026533275,0.3052730344024011,0.7521963072466322,0.0005182132667924921,0.17773511609768525,0.00010937601969489362,1500.0,5,4
mqt,1500,VCPS-5D (Our Method),7.929769771998375,0.1395858658247282,7.213865780889876,0.148802784756182,0.7339589467841117,0.00013069412721900727,0.18141397523435893,0.00010584242804028056,1500.0,5,5
mqt,Full,Naive Confidence (NC),24.595489186607303,0.0,24.843819803930824,0.0,0.7256391554629567,0.0,0.2580094623309717,0.0,1600.0,6,0
mqt,Full,Temperature Scaling (TS),16.941817843284653,0.0,16.824181708512906,0.0,0.7256391554629567,0.0,0.21583676064353335,0.0,1600.0,6,1
mqt,Full,Adaptive TS (ATS),16.590425196562915,0.0,16.38931918628246,0.0,0.7300043173436311,0.0,0.21452009737988692,0.0,1600.0,6,2
mqt,Full,Platt Scaling (1D),8.837869598419209,0.0,7.932432471419008,0.0,0.7256391554629567,0.0,0.1844763053277367,0.0,1600.0,6,3
mqt,Full,Trajectory Platt (5D),7.164621807541697,0.0,6.235052554216236,0.0,0.7522163535560281,0.0,0.1777963785257431,0.0,1600.0,6,4
mqt,Full,VCPS-5D (Our Method),7.885315582224007,0.0,7.083288993541899,0.0,0.7339628284142308,0.0,0.18142517747108108,0.0,1600.0,6,5
